PC1,PC2,PC3,PC4,PC5,channel_id,experiment_id
-2.165615845877357,-0.1578530515924306,0.09109253883466767,0.02026505968483984,-0.01915474873894907,0,02_17_16s1c0r0
-2.468901210661777,-0.0947606704679195,0.03248397065956417,0.04980500214869311,-0.00010901209183333643,1,02_17_51s1c1r0
-2.7616737107745015,-0.0020722251526356875,0.11989521117447509,-0.0375331026276907,-0.09295991771857019,2,02_18_26s1c2r0
-2.064337016628302,-0.004203979181349339,0.1832885394920841,-0.014377928661835989,-0.10912405081962782,3,02_19_01s1c3r0
20.46132578193219,-1.6785960827628015,0.20516915876019512,0.42242500096729946,0.001635966828700931,4,02_19_36s1c4r0
-2.4961962371540154,0.058064544837200034,0.17681995505309772,0.06812479416630102,-0.006720687426080979,0,02_20_11s1c0r1
-2.4439420339502247,-0.03318390557281885,0.06806712764651143,0.016652351826027527,-0.03939722835757172,1,02_20_47s1c1r1
-2.7713430672190253,0.024358951675079565,0.09432797365832159,0.02972307361189013,-0.047839163407288735,2,02_21_22s1c2r1
-2.2652443502360797,-0.06891460947291439,0.11507617757070439,0.038201678494401654,0.010524830848822057,3,02_21_57s1c3r1
18.9726784615873,0.18316445652628216,0.7869075158713948,-0.19736500939836174,-0.8096538865771942,4,02_22_32s1c4r1
-2.579725427286103,-0.054447798623973864,-0.011246959560672086,-0.0012898023031962334,-0.04438016309181936,0,02_23_07s1c0r2
-2.363687822428438,0.12143014741825443,0.2513217504526236,0.028290658721993885,0.021751112223946854,1,02_23_42s1c1r2
-2.609963569441877,-0.2120349824626483,0.1561616003053474,0.012822299166799094,0.0553779221164816,2,02_24_17s1c2r2
-2.3773575079119356,-0.015144090926179273,0.0999303425827126,0.02145323301177035,-0.01828299961546073,3,02_24_53s1c3r2
19.67816474625967,-0.39636409534242906,0.2752252322928778,0.2630973508071682,0.13744615310291491,4,02_25_28s1c4r2
-2.587668055882233,-0.05331773012925117,0.08868685222994101,0.08592817807882291,-0.01815504488200138,0,02_26_03s1c0r3
-2.286670212444173,-0.13578241352453738,0.14432084634765238,-0.03706651691110524,0.03576742622390461,1,02_26_38s1c1r3
-2.5861822663845295,-0.2386034375894403,0.20010323619841533,-0.04628138696401104,0.05377089476655862,2,02_27_13s1c2r3
-2.269171152151879,0.03019543906293998,0.13551337481948575,0.08989607678546335,0.0319685189033555,3,02_27_48s1c3r3
19.027224527204382,-0.4606228769843755,-0.22784606552580716,0.2025997174303013,-0.1275033315665377,4,02_28_23s1c4r3
-2.633432916041978,0.021210894517926012,0.13241132153985766,-0.0022470468670984676,-0.04209971357968353,0,02_28_58s1c0r4
-2.378023823237028,-0.0050323668275386365,0.10493999636027757,0.0500120590318152,0.01574021236666785,1,02_29_34s1c1r4
-2.622801957531399,-0.13180492613309258,0.19259800483744147,0.03578207397814654,0.06827294011788626,2,02_30_09s1c2r4
-2.2708691166394663,0.01134703087014644,0.09610689220794343,0.007295715650425866,0.028643734350892368,3,02_30_44s1c3r4
20.027737229579486,-0.5489469541032297,-0.004228129215220819,-0.30419689715004516,-0.1042799456051012,4,02_31_19s1c4r4
-2.601252256058389,-0.0009236100690501263,0.09279957651972146,0.021523749833000937,-0.0176041270645809,0,02_31_54s1c0r5
-2.327775419080289,0.010630272084164276,0.08297666944259863,-0.019280138491479904,-0.08464358237831612,1,02_32_29s1c1r5
-2.907687379660019,-0.06158415339116129,0.019723600494770725,0.07100245064933337,-0.019960882504530257,2,02_33_04s1c2r5
-2.3350912488937725,-0.034538164220834,0.01744143913460435,0.11363645555468116,-0.02765227558176832,3,02_33_40s1c3r5
20.117216180349644,-0.513369167284365,-0.2855820689425371,0.3622031221133182,-0.0075630014561175254,4,02_34_15s1c4r5
-2.6218333280590427,0.12572904685792133,0.212196503052778,0.015260901545173526,-0.08343642549045584,0,02_34_50s1c0r6
-2.2751686847294046,0.004929008397169685,0.10570642150491316,0.05540085966919909,0.007971761551327249,1,02_35_25s1c1r6
-2.8391656124449662,0.009849593097791773,0.13456842975063063,0.07059810010760229,0.02842409811974232,2,02_36_00s1c2r6
-2.0025217601429155,-0.098862224248223,0.19451085804653365,-0.05911626374322683,-0.002657224519037985,3,02_36_35s1c3r6
19.893079575797564,-0.17690617306848558,-0.031076531375004518,-0.24297563264799743,-0.05604412897373941,4,02_37_10s1c4r6
-2.6558020439710397,0.008230206262131256,0.052796742437555486,0.027193600436835743,-0.01585499750566128,0,02_37_46s1c0r7
-2.2809835388252337,-0.019532187855627246,0.11926103762787832,-0.04760444799407018,-0.028275806836781252,1,02_38_21s1c1r7
-2.594846627639568,-0.1250428585509154,0.2632992575718015,-0.0584669592764729,0.07234222854034583,2,02_38_56s1c2r7
-2.2045874622052035,0.05093467654657971,0.1297730063724833,0.024368268324945676,-0.05554739471544615,3,02_39_31s1c3r7
20.01669237348905,-0.6688140066652795,-0.4874902434103908,0.5013792062477844,-0.1435224728465362,4,02_40_06s1c4r7
-2.5686414003212135,0.12431568971187346,0.2226966191813001,0.0024151095044601823,-0.08950343220187754,0,02_40_41s1c0r8
-2.2613038937359566,0.01718948396325534,0.09366398310389987,0.07472910877173185,0.02691033853792675,1,02_41_16s1c1r8
-2.8230866302456237,0.15315346107740652,0.23822663756051712,0.015809200316508745,-0.13960510995547906,2,02_41_52s1c2r8
-2.2144217039732323,0.03996990451782304,0.11569347009250401,0.047601107428490594,-0.045129967780063444,3,02_42_27s1c3r8
-2.454296990573088,-0.07848312012928177,-0.1972219188965959,0.0173019804618789,0.006135934008744434,0,03_01_14s1c0r0
-2.3625262533362315,0.035457188714038364,-0.2308998055984137,-0.08499029118777682,0.049594481600537074,1,03_01_50s1c1r0
-2.420297485940176,0.020605649887578414,-0.24178067550442695,-0.028397838382292602,0.012220812755632781,2,03_02_25s1c2r0
-2.2745822647218645,-0.00843105994851982,-0.28063196691302933,-0.06775797046253616,0.05654832808316019,3,03_03_00s1c3r0
-0.2735860618494803,0.018154507226546268,-0.08470362111749434,-0.1444983608063439,0.08837558020886285,4,03_03_35s1c4r0
-2.4324849852527333,0.04191295063229661,-0.16962825718608482,-0.048413956187628594,0.01730676387280182,0,03_04_10s1c0r1
-2.3488881688498564,-0.05758198847255419,-0.18942613462752733,0.014747213548422428,-0.011930144835200088,1,03_04_45s1c1r1
-2.4795283827382653,-0.05182774187902909,-0.11993160812948132,0.04299060202035304,-0.032624186246900125,2,03_05_20s1c2r1
-2.261580139668371,0.0037800814662567192,-0.2016793002566423,-0.012104239514048883,0.009572664497847804,3,03_05_56s1c3r1
-0.06885912810240977,-0.011363217622245932,-0.10585677981645347,-0.09278485889747244,0.03106443443678918,4,03_06_31s1c4r1
-2.3848052193890696,0.02602524593766565,-0.25418213786312843,-0.0627591178516346,0.03287447897821453,0,03_07_06s1c0r2
-2.2825065445930557,0.03537611298115915,-0.15636634196262694,-0.013260724707371843,0.002330951608173705,1,03_07_41s1c1r2
-2.4645266274556445,-0.018385909474465268,-0.21860597131756923,-0.010477688679606934,0.012463533907716795,2,03_08_16s1c2r2
-2.343346097882535,-0.06402556919413388,-0.19365732524182225,0.03751845616037451,-0.016001413504242,3,03_08_51s1c3r2
0.23735439036277145,-0.09336387390501959,-0.13588261683757946,-0.0876405791021619,-0.014713257842590508,4,03_09_26s1c4r2
-2.4232073320631433,0.022154477980784855,-0.12883988798573712,-0.04375259018116956,-0.023594660069873114,0,03_10_01s1c0r3
-2.2459321844876303,0.045300732926961414,-0.18861915239287272,-0.08214015532671651,0.008548871285573316,1,03_10_37s1c1r3
-2.45812596567197,-0.0019248425029803424,-0.182317598252938,0.02669515636461634,0.021211933746349766,2,03_11_12s1c2r3
-2.281226025383314,0.009748423632758343,-0.16571025225388977,-0.01705783812796028,-0.017782805849683416,3,03_11_47s1c3r3
0.5064026949991374,-0.10776264493540838,-0.16584759069292762,-0.07289392803750684,0.07205847154942129,4,03_12_22s1c4r3
-2.4244236482286974,0.0016875967168932273,-0.17432924721325815,-0.061809202505165944,-0.005598660321399531,0,03_12_57s1c0r4
-2.3099918491388802,0.02317039760664188,-0.2063218582595102,0.001845609389662749,0.02907731113947973,1,03_13_32s1c1r4
-2.5396002122357664,-0.04970108589204044,-0.1649993613416611,0.04513474580893377,-0.026768057577535715,2,03_14_07s1c2r4
-2.3241414484246006,0.013465004300487388,-0.20777418541384016,-0.01809638812567295,0.02027222342498431,3,03_14_43s1c3r4
0.6230797765203339,-0.07241850707268971,-0.08769139883438139,-0.17065047485223456,0.06981186569485975,4,03_15_18s1c4r4
-2.395365763796196,-0.018561616402573172,-0.11593956132632685,-0.004804643183511347,-0.023645979286449743,0,03_15_53s1c0r5
-2.2894764996520607,0.015331662666595582,-0.1795445414887473,0.0049875007985620045,0.012663444665997533,1,03_16_28s1c1r5
-2.447528898000136,-0.058115776276774805,-0.1870822737984154,-0.02961782579351468,0.003896088624864107,2,03_17_03s1c2r5
-2.3519815177152803,0.01604906449947844,-0.10882644183290115,-0.010627490548335446,-0.014172604691039795,3,03_17_38s1c3r5
0.6553982878804132,-0.18172619475750795,-0.11784377597417073,-0.06984958793159471,0.024320117306898335,4,03_18_13s1c4r5
-2.4491721950176157,-0.018316083015311835,-0.10992579360783145,0.008010442585089738,-0.02409154140258353,0,03_18_49s1c0r6
-2.3060703238346156,-0.018180626588537255,-0.11759665778562516,-0.0034818565057392514,0.002851718910070871,1,03_19_24s1c1r6
-2.4903311572967564,-0.008907110868630662,-0.12883862769686066,0.009657813200511943,-0.016782116493301247,2,03_19_59s1c2r6
-2.2563045617203077,0.05938313649459875,-0.17228896319597126,-0.07721554192639864,-0.0054637852776521995,3,03_20_34s1c3r6
0.8245970549334707,-0.12247033825365564,-0.12798170361485203,-0.015445064431433165,-0.0014925609477261664,4,03_21_09s1c4r6
-2.438582854562749,0.0006415566420181404,-0.14290203612510236,-0.016441716017378538,0.01794363979159495,0,03_21_44s1c0r7
-2.3482250246328564,-0.03383215015526012,-0.09771030857998278,0.05201673071556545,-0.026076174068561307,1,03_22_19s1c1r7
-2.4875178697315943,0.05174847104455426,-0.1565482083767859,-0.0498134965535282,0.005956396383722187,2,03_22_55s1c2r7
-2.2495296163673033,0.0020846414532662595,-0.1741643596426198,0.019151494041908444,-0.028351906647656588,3,03_23_30s1c3r7
0.8406970152904134,-0.2363795159775063,-0.0016819479816068156,-0.03402687179359681,-0.013777776248150197,4,03_24_05s1c4r7
-2.4496991456561705,-0.03707208945897954,-0.17987096787551599,0.016271662924083056,-0.014431730371656723,0,03_24_40s1c0r8
-2.280030952314631,0.03230139978764043,-0.20547819081469462,-0.056551428107337307,0.014119156908834156,1,03_25_15s1c1r8
-2.5799754988936097,0.003614259779128128,-0.10450057375764978,0.05969278404920541,-0.019958704925531104,2,03_25_50s1c2r8
-2.28446200390628,-0.02812726740504449,-0.12579435046512363,0.04212051331275971,8.527175322987138e-05,3,03_26_25s1c3r8
0.8866254456528028,-0.1213825755911347,-0.02801177081431088,-0.0647002968278601,-0.024867476388913075,4,03_27_01s1c4r8
-2.342670726848508,-0.031605437788872405,-0.09187803439572881,0.012182488784838293,-0.0451008180893895,0,03_27_36s1c0r9
-2.232837453962299,-0.12754661834598283,-0.08710903493003641,0.03540937321843463,-0.03696144112956144,1,03_28_11s1c1r9
-2.4416193208289227,-0.0915473169847939,-0.08474204526130202,0.026410234466739894,-0.012285575170415739,2,03_28_46s1c2r9
-2.3672372702596687,-0.04100356810746576,-0.08735365131431844,0.03090505403539513,-0.030532322618385663,3,03_29_21s1c3r9
1.0657601716639362,-0.07514679751377148,-0.011749547169745078,-0.14303058549812062,0.004176630264988031,4,03_29_56s1c4r9
-2.4444289686571263,0.034487043432219686,-0.15734064784687635,-0.027473592947346123,-0.030573033165420635,0,03_30_31s1c0r10
-2.2977990250420928,0.0010014653259468743,-0.1832622843231833,-0.025136508384492,-0.007833807690631758,1,03_31_06s1c1r10
-2.4711348672611044,0.011641556435859709,-0.11936386191620486,-0.03283162247455253,-0.025932542906686614,2,03_31_42s1c2r10
-2.3218219080133307,-0.006205607324869348,-0.10874862194302179,-0.0121850201076298,-0.043442904040881324,3,03_32_17s1c3r10
1.1517385237256395,-0.03629393748285952,-0.14064684716649736,-0.21364218184609335,0.06685646345505684,4,03_32_52s1c4r10
-2.42613013058854,-0.0046754510010052625,-0.265569998420003,-0.051846109261929514,0.024953716573886363,0,03_33_27s1c0r11
-2.236694458249801,-0.07095668069072994,-0.15798361629171226,0.04194159186919705,-0.044843415529396885,1,03_34_02s1c1r11
-2.5485594182300324,-0.03164944205880082,-0.11858933413828139,0.057269542534724036,-0.008791171393503284,2,03_34_37s1c2r11
-2.253409497313358,0.033409598640057936,-0.11552845219358458,-0.0068497196039206945,-0.023842312069727246,3,03_35_12s1c3r11
1.0400205829121492,-0.20934742633868306,-0.09954815362789357,-0.03880851656594142,0.008741271095314541,4,03_35_48s1c4r11
-2.322960550692615,-0.03633417299141347,-0.10489749834522967,-0.015964598234491725,0.00035216704867337703,0,03_36_23s1c0r12
-2.2674788568306434,-0.005681759469595957,-0.161033978385879,-0.018623617578237446,0.009386664231410189,1,03_36_58s1c1r12
-2.4059677003570354,-0.04222345021081624,-0.12725673536332635,0.004662675339516752,0.038216650428266094,2,03_37_33s1c2r12
-2.1966879269050845,-0.14897045789238203,-0.10629415026483412,0.07798454742867557,-0.018049268022852383,3,03_38_08s1c3r12
1.001356914183879,-0.16092483827046178,0.013837941855647183,-0.08963256237641826,0.07841493435432136,4,03_38_43s1c4r12
-2.3744201541196013,-0.1018169801905356,-0.08751753471070296,0.038826202413739526,-0.01122535706361235,0,03_39_18s1c0r13
-2.25385763744634,-0.06424937207466412,-0.10823060604427384,0.04817798352794475,-0.018399376655023995,1,03_39_54s1c1r13
-2.4250201059772354,-0.03585270658727297,-0.1813252418853613,0.0005962625591409855,0.001923001568873169,2,03_40_29s1c2r13
-2.052804239209765,-0.2579316881867099,-0.11764407399645924,0.024919060592111256,0.009653154890168306,3,03_41_04s1c3r13
0.9588416332066279,-0.2568182579654846,-0.11362863931110774,-0.11328872271451702,0.08057970441148507,4,03_41_39s1c4r13
-2.466402411649287,-0.06280349257400339,-0.11907497612339264,0.015998555502725473,-0.006840734725329221,0,03_42_14s1c0r14
-2.2614708899832516,-0.07369719751853991,-0.14191997489126004,-0.051523004767152374,0.011584232226882187,1,03_42_49s1c1r14
-2.4158674881074447,-0.09813536055765562,-0.07490777126814234,0.07327617505070144,-0.03286631038691324,2,03_43_25s1c2r14
-2.32690982684416,-0.03734147609562438,-0.16942482172492082,-0.027148657763854386,-0.0005735319625982829,3,03_44_00s1c3r14
1.196669535155159,-0.10441997152968478,-0.2787224552130892,-0.19930523194157224,0.07814502614137606,4,03_44_35s1c4r14
-2.426419324160994,0.06509983953501534,-0.2787828444830108,-0.10605230209905772,0.03556243982193499,0,03_45_10s1c0r15
-2.3261736954749384,-0.02619828388888909,-0.11284695263307996,-0.031175993499769062,-0.030339492886051776,1,03_45_45s1c1r15
-2.507944240577276,-0.0025329259636484146,-0.16523672891115485,-0.04542113180972832,-0.0027103456162713233,2,03_46_20s1c2r15
-2.3178336901020673,0.028779980278526494,-0.19312876994016812,-0.06410313455201877,0.019589204998053625,3,03_46_55s1c3r15
1.1898829759668987,-0.16567697040195392,-0.1054249019835241,-0.17590790130307937,0.07004870287973185,4,03_47_31s1c4r15
-2.502735935799327,0.0172058985003623,-0.19713529013658931,-0.04242764377339457,0.021062127874272963,0,03_48_06s1c0r16
-2.275826779541634,-0.01837568093719749,-0.1524211619696058,-0.0012070901553746579,-0.018571824203696977,1,03_48_41s1c1r16
-2.5676976429117264,-0.03768568068530458,-0.1742240644399856,-0.009362932494236626,0.004624490622548422,2,03_49_16s1c2r16
-2.1669596309892936,-0.1526977294388984,-0.14378292264839596,0.08791424804060205,-0.019727571742400907,3,03_49_51s1c3r16
1.2125344262604871,-0.11535535088898276,0.1003909194113913,-0.07777546700813799,-0.0173389124027808,4,03_50_26s1c4r16
-2.4599119158911638,-0.018706325738009236,-0.16277289874684442,-0.01921825553363454,-0.002915040483319954,0,03_51_01s1c0r17
-2.315739243847117,-0.09165790311977358,-0.14641843610911928,0.04739940197222363,-0.04388070515044413,1,03_51_37s1c1r17
-2.5433527010946815,-0.007237831066565653,-0.2484977587326125,-0.05784387365058946,-0.0017362334303603264,0,03_57_01s1c0r0
-2.504489099451227,-0.05171264693157811,-0.17819664989052042,0.033124914370130515,0.005051994073339231,1,03_57_36s1c1r0
-2.5708221597221605,0.039620057871044466,-0.17244131642040292,-0.06565452122390236,0.01279325552044888,2,03_58_11s1c2r0
-2.3664496900285945,0.07682024740008442,-0.19408937296023424,-0.09129618456119,0.021960406674744755,3,03_58_46s1c3r0
0.4988345906027534,-0.0034517209704592834,-0.004081276558891661,-0.18190213358923177,-0.0125242241456071,4,03_59_21s1c4r0
-2.5444022814201506,-0.0031991860798289487,-0.17522171504247216,-0.011344081616927636,0.015030699912368248,0,03_59_56s1c0r1
-2.445275936046351,-0.0599946728824312,-0.10393590607620418,0.0322451234794738,-0.024880536376286903,1,04_00_32s1c1r1
-2.5843987306333505,-0.025840561520027203,-0.12096457872246129,0.015473012536651372,0.00290480231920851,2,04_01_07s1c2r1
-2.457119061556578,-0.002280627331797027,-0.10766867762393846,0.007783367189459435,0.006997784488037175,3,04_01_42s1c3r1
0.49180842263209795,-0.12918366836653158,0.12124191664072712,-0.026469115973566833,-0.031181902967053053,4,04_02_17s1c4r1
-2.498508659545454,0.031250354570998694,-0.2070125240422434,-0.07299526986781668,0.003410578081439707,0,04_02_52s1c0r2
-2.3705135148331355,-0.0036955319154515906,-0.19524244782322897,-0.07433721307647727,0.020897525811759195,1,04_03_27s1c1r2
-2.5671470942657653,-0.017981065509630488,-0.26329825231681553,-0.0233386057096488,0.022044664989257178,2,04_04_02s1c2r2
-2.3731423467765493,0.03439809622965455,-0.16851888575433513,-0.03482012758367689,0.032470873148531136,3,04_04_37s1c3r2
0.5091004898209651,-0.05253966831719307,-0.03960108935681419,-0.16601184299668154,0.046621045227843015,4,04_05_13s1c4r2
-2.6094749446749668,-0.0765409628007887,-0.09533257108719471,0.0174682037345961,-0.011859544594607481,0,04_05_48s1c0r3
-2.0887284041714294,-0.09221325647853316,-0.23354317026588506,-0.092367246146325,0.0732293336327371,1,04_06_23s1c1r3
-2.5880236119032953,0.01244644578019715,-0.0849542220808203,0.012810365861955908,-0.017188631576233942,2,04_06_58s1c2r3
-2.3728401158179797,0.036720164100579517,-0.20576222545509215,-0.045445990368844766,-0.0012207713676101492,3,04_07_33s1c3r3
0.5786682837158776,-0.14322542196228447,-0.08859986974849918,-0.07681735232081591,0.037613469948391376,4,04_08_08s1c4r3
-2.566826198166425,-0.04736481571562739,-0.018645731086117424,0.04792984836618129,-0.03774639093570177,0,04_08_43s1c0r4
-2.40554722104491,-0.014244515699621043,-0.182440248259972,0.0011430999255859857,0.011489082715553316,1,04_09_19s1c1r4
-2.565566745973393,0.02107235557245107,-0.23374390830452352,-0.012768509453505213,0.027107657129943438,2,04_09_54s1c2r4
-2.4078239302957436,-0.016041971318737313,-0.16857427173149517,-0.013929349130537942,0.006253822711336691,3,04_10_29s1c3r4
0.8283598743060353,-0.1325845509651373,-0.1984223504066311,-0.15032819623651775,0.10317029169845786,4,04_11_04s1c4r4
-2.5682523555316745,0.00983237036283499,-0.1181820820385587,-0.026606359986969225,-0.0017106231523143643,0,04_11_39s1c0r5
-2.355522695552547,-0.029570997858283387,-0.12252965354227874,0.005856565967787252,-0.022820237168888837,1,04_12_14s1c1r5
-2.5331591654942236,0.04232335907656343,-0.1672467015257386,-0.052005976156251285,0.03304692484332692,2,04_12_49s1c2r5
-2.341958540064282,0.037335117900240446,-0.2816435236785225,-0.0834469763230852,0.059368891654747284,3,04_13_25s1c3r5
0.6326230441613606,-0.1575335289218604,-0.03786062561399405,-0.09096826746179132,0.008794210701381954,4,04_14_00s1c4r5
-2.4768202271619946,0.0381524646735896,-0.22311122927425717,-0.09782958808567375,0.026059853267913942,0,04_14_35s1c0r6
-2.3745046350327508,0.03797113750446519,-0.05959893486808076,-0.0021080238149347964,-0.02348114640139171,1,04_15_10s1c1r6
-2.5570320375507842,0.01751275117768734,-0.09897468962127194,-0.015450306880051978,0.0040126404510322546,2,04_15_45s1c2r6
-2.405939305165293,-0.016895247242443453,-0.1455587733758903,-0.018330402316974314,-0.02050909109040913,3,04_16_20s1c3r6
0.8472528109348536,-0.2105637736596128,-0.12164147195460101,-0.10566585514006094,0.05435613198714175,4,04_16_55s1c4r6
-2.5153476905298673,0.020985237274169864,-0.08988555877753633,0.025303871494804384,-0.008926000243856272,0,04_17_31s1c0r7
-2.378551656209236,0.01657472198661667,-0.10961074963300828,-0.03733391710528778,-0.03254230987923964,1,04_18_06s1c1r7
-2.6073231892970914,0.006971467735114652,-0.10077877626343179,0.03169619139099857,-0.02239415318125339,2,04_18_41s1c2r7
-2.240801852526207,-0.06336781688612982,-0.120382369316387,0.031829217806189844,-0.038568796384710106,3,04_19_16s1c3r7
0.7978570849016713,-0.09922658090282863,0.0006148499719869094,-0.12444872552426338,-0.030046743356649377,4,04_19_51s1c4r7
-2.4905863526735694,-0.01866516665763123,-0.19304713831329853,-0.02477764537522239,0.034614345989304636,0,04_20_26s1c0r8
-2.3424104412168436,-0.02033489756425996,-0.19094918832518137,-0.008471132367055247,0.010994512366009773,1,04_21_02s1c1r8
-2.601708751473824,0.034472855112963136,-0.10921542862053886,-0.037451765366127134,0.005891238937142333,2,04_21_37s1c2r8
-2.333139810190988,0.01559503895988395,-0.17210389409501517,-0.03843809883354149,-0.0023466598985446446,3,04_22_12s1c3r8
-2.737988409037754,-0.010005232490173578,0.1726498214219931,0.026753301092464495,0.0003592881358871475,0,04_40_51s1c0r0
-2.589903324329556,-0.04482722679338247,0.07636876455971393,0.007469322360770168,-0.04040475800713536,1,04_41_26s1c1r0
-2.9821589015016507,-0.04554222586567766,0.056561392447447886,0.027139629269849908,-0.03736259458378755,2,04_42_01s1c2r0
-2.4268828937142066,0.01976015194423319,0.052273472931090165,0.06052507288335409,0.018326262172690632,3,04_42_36s1c3r0
18.175232229250604,-0.7753284795412066,-0.032226541905072806,-0.04430652254305814,-0.041475360755303246,4,04_43_11s1c4r0
-2.7633970558720824,0.07925858313818387,0.1534660097072661,-0.0016652031676277197,-0.014041689623151308,0,04_43_47s1c0r1
-0.9891134404416166,1.2505225050771802,-1.4926345011371231,-0.19482573873147413,0.14633358508892141,1,04_44_22s1c1r1
-2.9175431055525856,0.1014531738708008,0.165783865539931,-0.029463289674581537,-0.07233785483913932,2,04_44_57s1c2r1
-2.3334589064871647,0.08447154184039833,0.12958326874874582,0.050829415294353336,-0.040221015851615374,3,04_45_32s1c3r1
18.63692774880179,0.15132695063157936,-0.12354217697227629,0.07065064646294797,0.6415454490406236,4,04_46_07s1c4r1
-2.6269542456928012,0.15741746096458964,0.20135958160652012,0.06403476432662879,0.003488172215191476,0,04_46_42s1c0r2
-2.358133451786701,0.02070056156963045,0.0715002531330222,0.12066207100179066,0.051493378666875624,1,04_47_17s1c1r2
-2.5791712970830076,-0.0440500318112227,0.31673498532926936,0.0038856933979961234,0.025112744023935405,2,04_47_53s1c2r2
-2.3686619782940452,0.06337329266652739,0.11496123698691967,0.06150197225032058,-0.0010373400997776582,3,04_48_28s1c3r2
19.665806593788286,0.03865103612516774,0.2625357480051821,0.34742508097928687,0.18302496968882376,4,04_49_03s1c4r2
-2.632043019092188,0.08944059744665002,0.17297922246810082,0.034968838474420075,0.03031577434561299,0,04_49_38s1c0r3
-2.307044067807963,0.05690443736473773,0.1762205289605409,0.09252537345146672,-0.005693106388328565,1,04_50_13s1c1r3
-2.627598029568852,-0.18521058168782778,0.20004507255467732,-0.04839446785588964,0.01809442224523319,2,04_50_48s1c2r3
-2.1067851546860856,-0.05576963774394554,0.19143002349929963,-0.05694812995267288,0.011220463965824028,3,04_51_23s1c3r3
19.809379862042846,0.196100214303979,-0.19466075148660117,0.015186814290069227,0.2780722221258897,4,04_51_58s1c4r3
-2.6447135160551354,0.029912809586418215,0.07061786966459871,0.005238245731718886,-0.02618735445887836,0,04_52_34s1c0r4
-2.295565481722342,-0.0030459978973243957,0.08216626647950939,0.07892438445798688,0.013622190003607005,1,04_53_09s1c1r4
-2.817302546687141,0.17322874677100172,0.19947490770780937,0.013920466289944883,-0.08436897979509468,2,04_53_44s1c2r4
-1.8756501478715641,-0.17140349623816806,0.34645892316234944,-0.014533577090195196,0.0452553356110229,3,04_54_19s1c3r4
19.910217661173245,0.4385955464796789,0.14414444678815305,-0.28719980305939585,-0.45441979122812665,4,04_54_54s1c4r4
-2.718968857910824,0.07993712735638207,0.173341908046819,0.021834728766862606,0.00037576047245377293,0,04_55_29s1c0r5
-2.278386830734445,0.2519457863342156,0.3104303846856876,0.09259666736794286,0.037596759394868964,1,04_56_04s1c1r5
-2.8856532183502197,0.08883220155048893,0.161076430906949,-0.025956253729587292,-0.1019660282502263,2,04_56_40s1c2r5
-2.3783259329339703,0.03064949871847548,0.09843489083302953,0.06407526837000048,-0.00724501493812345,3,04_57_15s1c3r5
17.567292471547333,0.36851242310261256,0.10153567365605706,-0.1413354333075512,0.04760191794832876,4,04_57_50s1c4r5
-2.76520824299459,0.04653432324731951,-0.1446654612462969,0.03821729589888025,0.0024227870695314644,0,05_03_56s1c0r0
-2.788553404954552,-0.06400838060986812,-0.0833830997876151,0.027719096854868952,0.015542979736062008,1,05_04_31s1c1r0
-2.710280189699216,0.06198550862956037,-0.07142256359526454,-0.02946780833122197,0.006071818930336356,2,05_05_06s1c2r0
-2.670884321457864,-0.01685964621808108,-0.052700223777607996,-0.015450371958886985,-0.00269144773583087,3,05_05_41s1c3r0
-1.3576640321769038,0.04096362691365591,-0.031078098786202865,0.04812131869161722,-0.01714451561046612,4,05_06_16s1c4r0
-2.7258372526802956,-0.06405477483652118,-0.07050826236273898,0.057716563698016095,0.009132536436847857,0,05_06_51s1c0r1
-2.719193271687814,-0.017669909227557897,-0.13193635299034256,-0.028097570838842012,-0.01887676554368019,1,05_07_26s1c1r1
-2.748879296898793,-0.06481389269391963,-0.11496167245092678,0.008561677366331262,0.025864995216437123,2,05_08_02s1c2r1
-2.6771721411997365,0.015464595154168953,-0.026620283554907472,-0.007292885098521042,0.005444325296542728,3,05_08_37s1c3r1
-1.0623039105590741,-0.02573399837681945,-0.14100365004590731,-0.05955528404117711,0.03106576638416014,4,05_09_12s1c4r1
-2.780130401926657,-0.07451796599668296,-0.06818372961709579,0.04673082155085177,-0.014082867237080892,0,05_09_47s1c0r2
-2.738535834538966,-0.017229547573241168,-0.11666263682480893,-0.037283196014818706,0.014285018646233945,1,05_10_22s1c1r2
-2.7996650367575477,-0.025544381743937895,-0.1382432718718554,0.0043154052051230145,0.01140560439907402,2,05_10_57s1c2r2
-2.7097758720714786,-0.03179644611528686,-0.04826709988574303,0.025815426760088626,-0.03148997994382637,3,05_11_32s1c3r2
-0.9138765754090197,-0.04815745529930493,-0.028297421545358616,-0.09787451202116691,0.027158838988842568,4,05_12_08s1c4r2
-2.2903146893087483,0.022071608152735667,0.08419058196540678,0.055508707375723734,-0.033973944010775775,0,05_23_59s1c0r0
-2.289202656404578,0.04484737604432585,0.1681821056394667,-0.007286772966814652,-0.12310459187383696,1,05_24_34s1c1r0
-2.8639412502558734,-0.0010085378990342241,0.052377692586683545,0.06084996532648238,0.040741193419174745,2,05_25_09s1c2r0
-2.3709001056194388,0.026606231014217444,0.07025108796795343,0.09172429306710544,-0.010056620132541568,3,05_25_44s1c3r0
21.1179643512154,0.2400009086715262,-0.08772047381900744,-0.367504256381135,-0.3042928723942573,4,05_26_20s1c4r0
-2.780808782190307,-0.03674441878528715,0.04837745931820768,0.05379473238799805,-0.03627460492047418,0,05_26_55s1c0r1
-2.296119782938067,0.23871645722961912,0.26542268581422057,0.06758654768692238,0.030745357814448825,1,05_27_30s1c1r1
-2.8902636172884626,0.06671960156515357,0.12033376817428701,0.10266281496688033,0.03377509135913658,2,05_28_05s1c2r1
-2.39065455193133,0.009560291753778991,0.040105491688026094,0.097177529686191,-0.01747235526351543,3,05_28_40s1c3r1
19.115087282257143,0.10679051656952122,-0.16234886190808248,0.08715451159309666,0.09046606501182275,4,05_29_15s1c4r1
-2.695108705220157,0.1110002489626568,0.18211788114328598,0.11211505285409626,0.03996213588661015,0,05_29_50s1c0r2
-2.210326184129566,0.16115188276849415,0.23216417197741748,-0.025594878323736636,-0.053113145176266814,1,05_30_25s1c1r2
-2.81733539060355,0.14270218560117748,0.14738978511283732,-0.01794636264983045,-0.08264005293119053,2,05_31_01s1c2r2
-2.2208433942566645,0.04814105451905555,0.1557552356274709,0.050041268158351554,-0.0491166837454167,3,05_31_36s1c3r2
18.453594006893166,-0.054747907738830204,-0.1817050493593744,-0.3740295132242483,-0.06072756152762203,4,05_32_11s1c4r2
-2.5427343560060107,0.10979595581978063,0.12912060614396217,0.09508446793566405,0.04375825079299528,0,05_32_46s1c0r3
-2.0251150556323756,-0.10878936484019693,0.18842543758435792,0.016606557326906808,0.14138705810341293,1,05_33_21s1c1r3
-2.7332535625206735,0.03295216671603243,0.09362423582544761,0.04840699477052548,-0.019647048645337187,2,05_33_56s1c2r3
-2.171251201835346,-0.030209327490220574,0.0851814706680914,0.06080756908376722,-0.021098457379772804,3,05_34_31s1c3r3
18.56076818581814,0.01620223964467097,-0.49804663293159346,0.45825199936777605,-0.27561621713605594,4,05_35_07s1c4r3
-2.668127869088684,0.02243379103723103,0.11948951890550613,0.07082217264076854,0.021230440246610995,0,05_35_42s1c0r4
-2.1866416877883674,0.11249971487628252,0.19477028146450184,0.04330140263791462,0.021889268513694674,1,05_36_17s1c1r4
-2.7415311640823368,0.13955566067250616,0.2024257751436286,0.1077053413165436,0.07045560362773454,2,05_36_52s1c2r4
-1.9126614077219093,-0.24103689496289046,0.23620758254529012,-0.04841464110200066,0.03041403904434005,3,05_37_27s1c3r4
18.834072362519695,0.4888983316455044,-0.4279108205935459,0.1260834453413526,0.16096156449709687,4,05_38_02s1c4r4
-2.6081452491094286,0.07178670988921489,0.05802690685361255,0.03099745335679323,-0.02601173342915442,0,05_38_37s1c0r5
-2.2146602656879955,0.07228141741596035,0.06303137949767215,0.07899285456660445,0.017902741162222454,1,05_39_13s1c1r5
-2.837433845312461,-0.0013491037000340662,0.04923567351574962,-0.0024369891315006273,-0.054654314338070456,2,05_39_48s1c2r5
-1.5982975246337812,-0.14157166969388554,0.36480425029050595,-0.07267682788025273,0.08913413318857023,3,05_40_23s1c3r5
18.704553287339802,0.8885068992590165,0.3213480057341241,0.20875550872516507,0.10183660057016812,4,05_40_58s1c4r5
-2.508795826041694,0.07582412724961506,0.11418111953042813,0.20240175799559018,0.07697699667756597,0,05_41_33s1c0r6
-2.153885766576123,0.038785650769855316,0.060602854175792566,0.15776391021912053,0.03560910449715812,1,05_42_08s1c1r6
-2.775949663590896,0.057835529778879166,0.11753663940313556,0.0915138096312528,-0.0020144485328469483,2,05_42_43s1c2r6
-2.1252328600801365,0.04692160783975266,0.1543873786798471,0.006342508232977893,-0.0009331742194406504,3,05_43_19s1c3r6
18.292285900989633,1.062171155181442,0.38388559779096065,-0.26225502392098676,0.261992670454452,4,05_43_54s1c4r6
-2.5097031379118375,0.047133681368568235,0.07331114587507334,0.012631245662444033,-0.008031210270748504,0,05_44_29s1c0r7
-2.1269900288668873,0.050947662194227195,0.23238201101345868,-0.004319880686791696,0.04046824052534153,1,05_45_04s1c1r7
-2.5065943269495476,-0.16513934519859683,0.245646027386427,0.011900872394719562,0.08763830078854686,2,05_45_39s1c2r7
-2.2306214863615175,0.11436188768379274,0.14322972986700652,-0.019464984350258573,0.006913732364489745,3,05_46_14s1c3r7
20.65676277711244,-1.5668747246427253,0.7653300281737875,-0.7307601907538552,0.46918966465603007,4,05_46_49s1c4r7
-2.5175728500283103,0.12583265350763176,0.0702306627363529,0.1463807992687599,-0.06187808216949221,0,05_47_25s1c0r8
-1.9850503366710468,0.002625724742588063,0.2136864833019465,-0.062451536256982146,-0.013377680865683634,1,05_48_00s1c1r8
-2.7933298579882533,0.09524991217965459,0.1619368188859265,0.03542594415819266,0.0646687265715351,2,05_48_35s1c2r8
-1.7333248266962789,-0.18287773962229475,0.2768627028337675,0.07000100365139704,0.00750870669065126,3,05_49_10s1c3r8
17.705032842272455,0.5974290285859971,-0.07661119920159437,-0.21531801239096446,0.10967572485726301,4,05_49_45s1c4r8
-2.446276428107587,-0.09455844574406376,0.191713755387055,-0.009517626443883712,0.07308655015118846,0,05_50_20s1c0r9
-2.0460821144742414,0.039421171122442734,0.16360138968248455,0.12882014287969126,0.04513290366174707,1,05_50_55s1c1r9
-2.1997493974812095,0.13334563002741245,0.20218526307181578,0.09670008412644822,-0.01332290348010104,3,05_52_06s1c3r9
18.368304747869505,0.6590879425923585,0.003743900069577435,-0.07873964386923157,-0.025353498537734057,4,05_52_41s1c4r9
-2.6187149277214434,0.033887580058251224,0.07978298652421476,0.07797866013755311,0.004248281111226425,0,05_53_16s1c0r10
-2.1541680888103527,0.08107972037537008,0.14490290998403002,-0.02267462490680728,-0.04349225760750451,1,05_53_51s1c1r10
-2.8407745712319494,0.04796172745637283,0.10794670868146733,0.11259196020533586,0.07995179206937561,2,05_54_26s1c2r10
-2.1878674385095067,0.06658609588437059,0.11739204751421793,0.010120721964835192,-0.03133455651549841,3,05_55_01s1c3r10
18.109846275377596,0.3277562395327212,-0.063398673848598,0.3435482411167876,0.13374919982035188,4,05_55_37s1c4r10
-2.4911751429467612,0.17519981117598163,0.23485693816271203,-0.022230944634089856,-0.14391910608413364,0,05_56_12s1c0r11
-2.2564251775355517,0.05303853592317585,0.1106822689798579,0.06273161282937023,-0.02085806554774395,1,05_56_47s1c1r11
-2.433478477313142,-0.14721013169570102,0.26844773680573747,0.05775415680086793,0.11348999896467162,2,05_57_22s1c2r11
-2.1901927156009475,0.21049773949877953,0.312040950642796,0.047483753857874025,0.052848727594421455,3,05_57_57s1c3r11
17.271545952395634,0.25614569641201723,-0.2436038025274055,-0.013350062386395132,-0.04875488764719092,4,05_58_32s1c4r11
-2.5567096536466143,0.03081237368991189,0.1722167963153801,0.04749730348981937,0.039771443022042996,0,05_59_07s1c0r12
-2.216636061479792,0.026925119403243842,0.045290577163453444,0.02131451039562254,-0.013930001893822819,1,05_59_43s1c1r12
-2.8727917591399197,0.12284298353061919,0.18643186085776312,0.039497783951072764,-0.06933790813439153,2,06_00_18s1c2r12
-2.2997231525964223,0.14149130739953705,0.23099057824163685,-0.0013792665592414007,-0.17823231913125287,3,06_00_53s1c3r12
17.381684845499624,0.30908470296305773,-0.09696440078923413,0.2535908292950101,0.14591355106571735,4,06_01_28s1c4r12
-2.374009927891959,-0.08067292132267899,0.2015538931111706,-0.026861151674741703,0.01956917677401707,0,06_02_03s1c0r13
-2.013041347542209,-0.0895790131061425,0.23966653705799493,-0.08063089195087401,-0.02424903409355667,1,06_02_38s1c1r13
-2.472225038946137,-0.14189179486748743,0.2903998349889259,-0.061294894458562746,-0.03141782307360584,2,06_03_13s1c2r13
-2.2617906127023066,0.045589018917160724,0.08686871781511872,-0.0018242766171882227,-0.03974858492259858,3,06_03_49s1c3r13
17.629470452688945,1.2624072013939813,0.7770186684037986,-0.10786442595488728,0.00907565716221265,4,06_04_24s1c4r13
-2.5945216375838305,0.08696741932841014,0.11925786269423981,0.022283280337351975,-0.06188496203238448,0,06_04_59s1c0r14
-2.245729498672466,0.08378418084036066,0.1685212693154687,-0.007612466844869397,-0.12319428429091064,1,06_05_34s1c1r14
-2.7943011989199023,0.13590149861922987,0.17994694132847036,-0.03718138680984791,0.005867346656190922,2,06_06_09s1c2r14
-2.1864078932216486,-0.0005091888990219523,0.16291871281461437,-0.036490906985020125,0.04134967686326784,3,06_06_44s1c3r14
17.673717361742778,0.6701367958451611,0.5554700321588661,0.10911657877053359,0.2518778893182634,4,06_07_19s1c4r14
-2.5837045509387893,0.02316994741610342,0.14042983126609718,0.10447694438311636,0.08387132514928153,0,06_07_55s1c0r15
-2.143909968255224,0.15480426208052844,0.13804348924410542,0.01476384492329295,-0.04919710621002547,1,06_08_30s1c1r15
-2.7883647305972823,0.16901521281740214,0.23948111213690634,0.05927829296401507,-0.009962076453407596,2,06_09_05s1c2r15
-1.9909231704914863,-0.21037781522250085,0.17401214315313335,-0.053546506913607586,0.008347198375572207,3,06_09_40s1c3r15
16.88875006492795,-0.43765822204498483,-0.5117804149139856,-0.22221330150390495,-0.3359706947611123,4,06_10_15s1c4r15
-2.6102278827474747,0.07125617532289166,0.052274571362037184,-0.007195281095645845,-0.08457477525243959,0,06_10_50s1c0r16
-2.19761093919905,0.15439291294799737,0.15336898431967133,0.06298785206809969,0.048801094365680746,1,06_11_25s1c1r16
-2.4520074619493752,-0.08517746824771415,0.3382336644392548,-0.06358108988661247,0.004828088430035588,2,06_12_00s1c2r16
-2.1761540761203686,0.0448787039260263,0.15457134372394374,-0.06505951927225641,-0.10818919332094433,3,06_12_36s1c3r16
16.80802944559939,-0.12747260327313806,-0.47261502801840066,0.17888586196313705,-0.13223756967335443,4,06_13_11s1c4r16
-2.646313439116125,0.06309588584677012,0.08779440353843808,0.01655815843318815,-0.11454755481236356,0,06_13_46s1c0r17
-2.1620201068470983,0.16661327983737284,0.2066841533050541,0.011510858509486566,-0.02690617678807804,1,06_14_21s1c1r17
-2.8316938535061595,0.16198188392811697,0.2435159087621656,0.1116972158205535,0.05818996068517313,2,06_14_56s1c2r17
-1.8361158626593552,-0.05638636356784203,0.4688095083352148,-0.053455126523847034,0.12572953000429835,3,06_15_31s1c3r17
15.275453557715778,0.10139734438909341,-0.12287795590829943,0.1489724813654044,-0.2791704082488233,4,06_16_06s1c4r17
-2.3786529407689585,-0.24069821570815866,0.23578713808866272,-0.11727579709868054,-0.009626504535691416,0,06_16_42s1c0r18
-2.345816835954072,0.1520267789851693,0.25102770308055616,0.07251570585911037,0.06458894871407571,1,06_17_17s1c1r18
-2.4863073809751186,-0.044618071485319426,0.33825066067988224,-0.1140182247230637,-0.008297310785110283,2,06_17_52s1c2r18
-2.2120235703520956,0.01864480241836847,0.29836005686019734,0.035924559391359544,0.15310655278441043,3,06_18_27s1c3r18
