PC1,PC2,PC3,channel_id
-9.297112898218742,-36.02884784928715,-0.6092234173356547,0
-7.935828104883787,-33.24609889875008,-1.1134919809994428,1
-6.8129828720001315,-29.73235235054901,-1.708627319650951,2
-5.757882687541614,-26.59186625264643,-1.720893357205139,3
-17.88251639519428,-22.280263641208684,0.08612241667241523,4
-6.405279272162455,-28.64956913946861,-1.0044920628384166,0
-4.918155175313879,-24.001384431732507,-1.7344202483673679,1
-3.4059076614959607,-20.84683388380114,-2.07682731487594,2
-2.386290445712483,-18.20736133739981,-1.688205571502306,3
-18.0837333218244,-14.556863838797392,0.05661280547290013,4
-4.071947553122104,-22.775635407331794,-0.798741241873001,0
-1.7000168645529945,-17.86241061832378,-0.1739854012412702,1
-0.5237796393815004,-14.165321135693864,-1.5047586561940125,2
0.36805908571122115,-11.54778763369327,-1.2448700455299588,3
-20.54576252817432,-7.999259646184932,-2.7583807362332324,4
-3.3733413128631686,-19.790125665080183,-1.956015681440979,0
-1.0514382989269768,-13.060222645683128,-2.065634376725463,1
0.008052318766652898,-9.847523870040506,-3.124807254876683,2
1.813210179719921,-7.7380207343371605,-1.1778702840391775,3
-19.05304100111818,-4.33692657558201,0.043257981540729996,4
-1.1104904985002815,-17.14517080301713,0.07624330398612783,0
1.0177149079879642,-9.400594097037711,-0.2342734790948423,1
2.9448958423436973,-6.443039639805969,-0.511359067381167,2
2.2177930176599983,-3.9165262258341937,-2.7597481611342616,3
-18.838674643163024,-2.5330884903519335,0.16771062439986695,4
-0.31629238987502173,-14.504764299560065,0.4157345287167444,0
1.857217621959571,-7.2584604254166365,-0.027200207593539298,1
3.4575129078643916,-4.873284330520127,-0.9734313783893215,2
4.338815122678859,-2.41443698561466,-0.22507880298096866,3
-19.367529365791444,-0.0414257457968811,-0.20958520094479932,4
0.26441619469474953,-13.058601208764777,0.2881825416325629,0
2.631662386479112,-5.443028934153737,0.20687931129647988,1
3.358408096902321,-2.359278841017102,-2.731344873078778,2
3.7352184795323535,0.1931132744396199,-2.6753955263510076,3
-19.12729744082661,1.3059634857817657,-0.1367121866238309,4
-0.4201625554789361,-12.755059931407418,-1.5333524152636986,0
1.6649624427834981,-5.430771778868141,-2.4199395632290517,1
4.345483179765971,-1.048719584783247,-1.7088767769302953,2
5.84656198755987,2.0329956015348993,0.2758425803042858,3
-20.172412477437536,4.527213443723226,-0.9233586813659868,4
0.2372622516942069,-10.98844014756546,-0.8028516153732398,0
2.8885037561757057,-3.2638742656244704,-1.201024326814433,1
5.232178297007294,0.4520767900754,-0.6137456116331619,2
5.417449780933922,2.7998058525772107,-1.2356409326700564,3
-19.552237333922353,4.837820439767791,0.11864961847583443,4
0.16782273444155665,-10.88666885111284,-1.571043648199889,0
2.4205523456029985,-2.536713908075523,-2.435646559852906,1
4.38986416259602,0.8259828450381691,-2.8085887632254822,2
4.6880784921482,2.501365384775889,-2.9325206232084633,3
-19.279119165873936,4.50999020890955,-0.0005607657501306661,4
1.093421476330297,-9.684263317509851,-0.228800780745881,0
2.32910864818202,-1.495179870843047,-2.632013635199273,1
5.780216892125157,0.594576336603536,-0.34062642373593927,2
5.990316096288124,2.40920182393719,-0.506800623188323,3
-19.50583159659988,5.744594973404757,0.0050150365202480795,4
1.5703324607572264,-9.33348403854017,0.7639839412785486,0
4.004337992745885,-2.227727687219126,0.4339986810215441,1
4.689983839798176,0.42178244747134813,-2.384851835585397,2
6.401832433060262,4.395778509549965,-0.19725715708814343,3
-19.578353117375936,6.4591516601333065,-0.17542659102568572,4
0.9130135079374893,-9.71592199433613,0.8003670418951111,0
3.5007121335350906,-2.9080581503884577,-0.40633856459618367,1
6.0609513210450645,2.542399131546424,-0.050429619274533384,2
6.633204488103803,5.198261492719958,0.12007504323034951,3
-19.451318267670473,5.972090322357348,-0.23405751147654955,4
2.060441133538719,-8.63335078344863,1.2421494856201092,0
4.083813755983237,-0.4724826803850675,0.47636550309389275,1
6.390950937441704,2.2297367241673993,-0.017543290807392087,2
6.129654895937468,5.227163812381087,-1.7577070853933852,3
-19.188534947041724,7.049299587083094,0.15153919742105618,4
2.1569826676664845,-8.27037996656432,1.0919467320325942,0
3.8273552832611952,-0.1798444848347813,-0.8934357480278713,1
4.906813816076934,2.1687269925207753,-2.936768532988418,2
5.340286197223055,4.796815513896839,-2.973128250443852,3
-19.397975798338717,7.467602975610884,-0.1766938284151772,4
0.9943924122571495,-8.334079792509957,-1.5878202777197694,0
2.4902203868153308,0.10142815669926189,-3.393332499313033,1
6.605909641575918,3.8364783612131275,0.15997556713197741,2
6.7735099063201645,6.0963708313784934,-0.5784759510128115,3
-19.50807885220704,7.379923713083239,-0.36599252528826154,4
0.7216241290591661,-8.153997027855777,-1.8483755446499441,0
2.8004008107168694,0.08166323215918776,-2.865454338237593,1
6.755623064892973,2.8624137294337615,0.5952842231642038,2
7.030997022947829,6.127985028294616,0.23576870974214031,3
-18.835179046287703,7.308793421172635,0.11130999853665405,4
0.8545441676214712,-9.314740659347866,-1.611121985331679,0
4.519243076917694,-0.23145581709634194,0.3096543086922045,1
6.941489185996396,3.882033701102482,0.8396707600641541,2
4.917317414063847,6.040397777242275,-3.9534590165089782,3
-18.512592717264578,5.733371466191043,0.16205002656166287,4
2.226361837007713,-7.863163676529801,1.0542591112116877,0
2.8804154931051125,-0.8257424848060412,-2.7370663710192207,1
6.685962979252786,2.8246829535944777,0.4724359900659351,2
6.74014200712849,6.415746482619852,-0.4261450742208838,3
-19.220298562440878,8.014074419791454,-0.2751022400907858,4
1.3158334456092107,-8.000969949314891,-0.9536788605128175,0
4.554175496287775,-0.7139304834957676,0.5690015271080295,1
5.890599511300526,3.739922948099655,-1.6561614460742675,2
5.414082659119348,5.075277570076728,-3.1367976199608107,3
-18.877548478530503,7.5834759359194095,0.16718051103283266,4
0.6755578555750359,-8.882043576954949,-1.7912469446317985,0
4.769653663594067,-0.6218057531541478,0.8261843094304034,1
5.760989182466924,4.1510397689212475,-1.996638990473731,2
6.955757556018466,5.165051867123973,-0.027084498150883755,3
-18.928646270528795,7.307602685850789,-0.058654834201155616,4
0.6771965409581916,-7.8431210579869095,-1.8339187213303851,0
5.0507562760508975,0.5688642825801566,1.1520751531446392,1
6.791850229965442,4.128958497764045,-0.08427982758252128,2
6.151616304072929,6.427531591009193,-1.958018462430076,3
-18.678340916315072,6.722605546222779,0.18430621024551364,4
2.2672918281919974,-7.605833861563996,1.1073167464265439,0
4.94239098512269,0.6541167197325348,0.8168742018847972,1
6.972712615439479,4.338603393316745,0.4892910759403641,2
7.27730215473207,5.72278918028755,0.4319077153116494,3
-18.844936201315182,8.160200053557881,-0.27961672146520916,4
1.0717239536070247,-7.807261231890832,-1.6107302397432726,0
3.542216342724574,0.2889328614322424,-1.881972650166251,1
6.658858773129011,4.049691756542183,-0.170078623386911,2
5.7931858208175475,5.900550551551288,-2.465586688993125,3
-18.559352377049972,6.325800676117037,-0.22527707457064,4
2.194787955088965,-7.789445089380285,0.45579463147777033,0
4.743212434700419,0.740593786505947,0.5998171379829883,1
7.013387924948546,3.2107791063576925,0.25003389550495686,2
5.494203434536946,6.545565537244706,-3.2400997040420205,3
-18.49886081186918,7.8960972901357325,0.2092902251708102,4
2.060461373246472,-7.662674801742675,0.5856521204372667,0
4.9009121897077605,1.020684876982997,0.6761550551024972,1
6.470811740924482,4.352593310220061,-0.8179873464472537,2
7.478588034529869,5.4675890958526585,0.4177413734997086,3
-17.829274614496885,6.270677038953532,0.25803909145691606,4
2.3731909729081195,-7.96476824411101,0.9403876604945547,0
4.707428096157263,0.12962132951059763,0.3909663386416339,1
6.353168838853104,4.071553393608701,-1.0647837312702833,2
6.6546668104023565,6.785471104823088,-1.1294390905778313,3
-17.619796676175337,5.498246485371287,0.26876801470110784,4
1.0946521016401642,-7.666849390674472,-1.7073155780047318,0
4.890147406269886,-0.29202077451178765,0.7948763186351897,1
4.741102410384739,4.191913074358489,-3.630922861155031,2
6.823223343252694,5.479074777105682,-0.5178530260259447,3
-19.27336638863653,8.340316702180903,-1.3431256509237999,4
2.372607604519339,-7.11509071710927,0.9975064760962048,0
3.2597426788701673,0.4827124658940845,-2.7447653847746434,1
5.03811021884164,3.1241003249249033,-3.0102741011657694,2
6.930883028780684,6.441916325424102,-0.5482012089682385,3
-17.942599616849954,6.904047873277532,0.4150499742614052,4
1.3600629766061816,-7.606777484125292,-1.302774041665203,0
3.428929338628946,0.6427228937569747,-2.2331866491978314,1
4.827841434628969,3.700157020527944,-2.5127599593662793,2
6.565453791445073,5.2649074309936825,-0.9857315563672221,3
-17.875820927803122,6.888014535552627,0.04576058240880355,4
2.4377424321927976,-7.148668152355148,1.0289590915290638,0
5.163304481492878,0.989789220222012,1.0334536517056756,1
5.923447702257576,4.246013978688319,-2.39474627038248,2
6.03943265114896,5.758101094445135,-2.534738985084963,3
-19.468700709541917,5.6428709063521305,-2.9713624878016422,4
2.7177768855646662,-7.003987619688804,1.240546011081125,0
2.970601200272427,-0.3338439454813376,-3.1811861064307005,1
5.598257672763779,3.4713734803396017,-2.480531294898252,2
5.816789598880694,5.479314167611052,-2.8712266565269964,3
-18.217777909609282,7.659890411221312,-0.01666362142666777,4
2.4635663398579406,-6.971053898822163,0.8560481014761472,0
4.710329949215324,0.8562016178369807,-0.25006290352103827,1
7.1649822766783124,4.856254036698565,0.09889460679457505,2
7.757642489710363,6.3612812847271485,0.8740063115845007,3
-17.673024057567556,6.47211761253293,0.1518928701996303,4
2.2443377977036647,-6.972754437298592,0.1273947901354317,0
3.3369325948076254,0.9738283950230805,-2.26987875851404,1
7.3979863601857305,4.7656948950706735,0.8745946442558791,2
7.570205977940475,7.349008883227793,0.3151478844929605,3
-17.530263958144186,7.404339632362967,0.2927603096066242,4
1.0323399884118107,-7.0521188030773425,-1.8643480980840699,0
3.0592585237206955,0.9784422167416779,-3.114998463977224,1
5.377013122386276,3.1567240997185806,-2.8782317337459324,2
6.8430167375774555,5.797309353210402,-0.9436522862315044,3
-17.332961889272543,6.1616886252539125,0.32122705333412654,4
2.456092814585864,-6.778081686198323,0.7352430331784775,0
5.02652545802517,1.4218163665038772,0.14718431606878765,1
5.589526821629547,3.825042477643254,-2.9098222587017935,2
7.6117192378464855,6.176191457580708,0.3544562751400409,3
-18.040126124471893,8.151358258874488,-0.053058662255090615,4
2.2861271635871754,-6.846212864796642,0.3482525060216454,0
4.374270459312178,1.4311393165083153,-0.9630432073101005,1
5.69586014768043,5.054990178093339,-2.6050475495385763,2
7.360285596499066,6.421469654033363,0.7112104903384513,3
-17.87623361544834,8.550487255521038,0.06365477433547188,4
2.718617266446536,-7.577107628666083,1.3765014824814727,0
5.182591976135478,1.5282140328225509,1.0709374687319928,1
6.73649519541059,3.821936256315303,-0.09878680036450808,2
7.708254543528549,5.987278228359177,0.9148405343338339,3
-17.847132551317912,7.555155407515751,-0.36582606949255514,4
1.488083435425857,-7.015277145893322,-1.1744322590916743,0
3.3935597952983017,-0.07134217749507632,-2.2888210798775086,1
4.797112354264435,4.7432043558398975,-3.681319515388431,2
7.427928631156439,6.2607061666599995,0.4149504433928323,3
-17.419659301532157,7.746841356179049,0.19143448103416746,4
1.2362595545291706,-7.0070470112705685,-1.6254812110567387,0
3.5109061267636625,0.8847752848503716,-2.2205490239931067,1
5.254460240764418,4.46012327800145,-2.9272454066320925,2
5.901706118108096,6.921215400709909,-2.9397693526507958,3
-17.127441883030873,5.867850041858433,0.09611873183744939,4
2.536280203135214,-7.917989593248287,1.0537185556970026,0
4.9230540265886304,-0.08152033459299722,0.6959005324928329,1
7.04158482887503,3.512343590399769,0.669034995093874,2
5.468581497567223,6.901763487637722,-3.0886838113106068,3
-17.848947519988897,7.134984348769864,-0.8678458872547324,4
2.501659170633401,-7.749731966250223,1.0052355766409402,0
3.876819060477523,1.1113556124296589,-1.7227906595154314,1
5.477254842161802,3.5684686222193376,-2.482299849850669,2
7.455869081972432,5.616873413849706,0.6473640831754423,3
-17.26762432053837,5.998684031433167,-0.28546322273084457,4
1.3652098643856008,-7.937335604242393,-1.1259543140623798,0
3.230835441710075,0.452783159956073,-2.447175107603096,1
5.625019566365045,4.423046331011457,-2.485138505990402,2
7.179416531346777,6.4152715501984074,-0.15381371068066502,3
-17.018698680515982,6.219814778889873,0.19327570102226482,4
1.5775491232054808,-7.20724658181565,-1.0610165515552257,0
3.626843523326271,0.838035477718195,-2.0214817035556756,1
7.14266246880892,3.6327956991031325,1.0459048022737087,2
7.4020706437060655,5.469405153347118,0.895113777668411,3
-17.111980464100352,5.6790565038272,0.2730428650326521,4
2.522826388285002,-6.95675662469299,1.2587596571028528,0
5.171098232567222,1.0552851840411954,1.1237543587087397,1
6.41982224971335,4.4840177000050225,-0.9235543920154476,2
7.449961189131139,6.913675135778723,0.571325475050494,3
-16.924291554361808,5.4476201288058705,-0.06365654451043966,4
2.5552019783412603,-8.053293638553871,1.0978148583023883,0
4.985298302627381,-0.07398710011665935,1.0116402263788589,1
6.759192064760919,4.223091857470778,0.1380613335409885,2
7.512859526307645,6.723853444710012,0.7655275258595856,3
-16.850927235375604,5.811616708255507,0.19085762482481616,4
2.521052419732437,-8.178047436478945,1.2769887208716202,0
3.4004460125312805,0.48397013359884433,-2.227103952412575,1
6.154599825977098,3.4810167085239843,1.6637851262562287,2
7.475156322902147,6.8585263970495,0.5367703267953775,3
-16.689017909306614,4.417503629048343,0.23494479197025125,4
2.6585114415521827,-7.9123799908705195,1.5583849595221875,0
4.904125452952899,0.6508546456953697,0.7770074583007476,1
4.659205956739851,3.935907470248146,-3.5114541143519276,2
7.119853904635295,5.241527457355409,0.7006474733025757,3
-16.919032789134917,5.209666550932991,0.05071123684732794,4
2.0603068440751473,-7.046858089982367,0.25539891661882036,0
3.2912040961793596,0.4074652911686805,0.6287367695577222,1
6.14719893213939,2.098312553876572,0.6934354722677266,2
6.721924670329338,4.798402805359933,0.5651301089351588,3
-16.592498244175165,4.637021808907435,0.27647060786508715,4
2.24913183958237,-8.370383935118983,1.1680910776569406,0
3.560555948012199,0.1574732409783122,-1.7842482899053065,1
6.5829832697891115,3.768241910973998,0.5628493750988353,2
6.978907948916576,5.083567933587273,0.6005915651506918,3
-17.01073409078028,5.174798744784309,-0.2547315277460515,4
1.3373419822328612,-7.325171809515635,-1.3731679099275103,0
4.759916275056257,-0.3829157724203003,0.8105651075155198,1
6.7588276282639805,2.7064342046925454,0.8312828933574952,2
6.826426737244819,5.671264584685498,0.28907578389879074,3
-16.693907846952193,4.327457394770633,0.02771051431280349,4
2.524267136960473,-7.891678687115197,1.4541428107281593,0
4.648921211449234,0.2746256028591405,0.4728029745319468,1
6.838047985380545,3.135250862161206,0.8175708095522067,2
5.661583101598184,5.432805861699614,-2.538188343508643,3
-15.91219951990136,2.2207837805417445,0.333173558729342,4
2.4362643789815537,-8.074467986733078,1.2677907379935487,0
3.416062497042264,0.19960720367217816,-1.7657557724338826,1
6.777640721416029,3.8930606035076045,0.7279961661281084,2
7.189963210601493,5.0289407223302725,0.9758676824188701,3
-16.901672507805696,4.514410669232815,-0.2054784954269092,4
2.494027306358363,-7.786582835484542,1.3816402981988705,0
3.1425121343899454,-0.22826205729416654,-2.134981288302305,1
6.771957384198307,2.9975734780169305,1.0738937232179386,2
6.995361364153011,5.559728293192506,0.578056057148488,3
-15.89073861452409,2.5740904816122616,0.48283973073600195,4
2.2774537930464187,-8.274967747806988,1.213087015692276,0
4.702248509902093,-0.16047131408661602,1.20626301601265,1
6.622782676736711,3.550751211657656,0.8094253909669914,2
7.096029925750631,4.761668715235296,1.0664248070422135,3
-16.844934993529016,5.851280037860709,0.19931927334070856,4
2.299293067767975,-8.279204499545772,1.152503229289379,0
2.382228478078699,-0.09334901133710606,-2.978403121004908,1
6.669193393577912,2.8293291811167727,1.0200921846181443,2
6.147183353617816,5.648174435411846,-1.1592916332692407,3
-15.966003487139579,3.1446690266762682,0.26239602551131946,4
0.46153651500926146,-8.448468560406079,-1.6722027932676773,0
2.5120051112897253,0.06689206480337764,-3.0772727898648533,1
4.943397878951384,3.960358370825261,-2.6240739760824257,2
6.283237860428312,5.859692816706703,-0.9984621354533127,3
-16.25552775551363,4.136370944384904,0.3885325366271834,4
2.420478310371371,-7.270818071336374,1.191112335442787,0
4.998760291688457,0.8831212099009814,1.1821963221606608,1
6.299476866859694,3.84092927344531,-0.2071717958224189,2
6.805290537842595,5.968592491467749,0.12832006412747307,3
-16.20957607547253,4.64613664788272,0.18937483778008862,4
2.5386287086784147,-7.159069598963824,1.4019072022652634,0
4.67418187785806,-0.9430766487699943,1.1966544534164218,1
6.62102144119987,2.5800806364436344,0.7892146802357478,2
6.956601050525792,4.752577525650691,0.7854055514090282,3
-16.00011602129085,3.5720214099804757,0.34479015574840827,4
2.539980566655318,-8.043112179437273,1.5605056116418594,0
4.696566974781521,-0.9626160742965222,1.2550145659367347,1
6.363443806845716,2.6000583798028623,0.7263989675854124,2
6.5945198479350875,5.181850795618476,0.5791029509944849,3
-15.304508326751778,-1.270193521613253,0.551648726810083,4
1.5119752731813159,-8.576705869645684,0.18988086242935825,0
4.570983109086323,0.13009175969183573,0.8899073884841905,1
6.666340806629912,3.4099974080528344,0.9776199248061521,2
5.136852160819027,5.297638721270507,-2.235191194598066,3
-16.241184124421046,3.7655142371471357,0.12216163862226571,4
2.4219927235155128,-7.176710851498206,1.3806531633883175,0
3.042844027986348,-1.0913571818193575,-2.0577641273927347,1
4.531167257349911,3.281846273782733,-2.317122137989263,2
5.610791473263097,5.975967513423852,-0.45548748548424134,3
-16.186357048638556,4.663785896092319,0.40778137379071155,4
1.0092737475196154,-7.23225079798459,-1.7604104952713462,0
3.9413516967806865,-0.48441678192579823,-0.49310084459711795,1
4.697986347237218,3.6384311170576775,-2.7458476707708086,2
6.135896894867387,3.883394376323896,1.0673703036586055,3
-15.52762903301765,2.202981223513932,0.5550806695665578,4
2.2947554528103464,-7.430894046510924,1.1929579194700155,0
2.802279013977041,-1.0932817620566329,-2.2462750772258655,1
5.663530805222696,2.3538135250070105,1.3073659518657028,2
6.356697803740721,4.600873112368562,1.1511544369986237,3
-15.136151547503157,-0.043141752018691575,0.49216967146922574,4
2.434378932377917,-7.501144237090589,1.2649874890875863,0
4.30179824611742,-0.26907775628716657,0.2737143567070369,1
6.067617820256416,2.8302074260616625,1.2857639013999462,2
6.650712871128843,4.3360963828492896,1.125071014100892,3
-15.967122448371608,3.0931264018593976,0.3584618063986636,4
2.367430142739286,-7.11062434459685,1.0528958846318592,0
4.09060939021813,-0.6348883580614645,0.49700028181681094,1
5.322262334670588,2.8210383098882863,0.2147773997789807,2
6.585980370713871,5.305525447347502,0.3657150982333916,3
-14.46505008348894,-1.2406787667214376,0.9037454645529691,4
2.444620278901185,-8.02559013923711,1.4700347418583117,0
4.222892458122665,-1.2023659139700338,1.082967541154352,1
5.210085771295362,2.7718542333321654,-1.9321187960838557,2
6.629266895484619,4.839913389994683,1.1806325358397016,3
-16.044008731570003,4.225327879414759,0.2653567075598334,4
2.2300326107528936,-7.244684945883444,0.7140994900431573,0
4.382582688204294,0.050070987555962884,1.1113786741799843,1
6.130878377232299,3.7792042747040875,1.046635448846376,2
6.45390889916431,5.502343918332662,0.35644203978318034,3
-13.966933458886135,-4.52527501726081,0.8723158828875305,4
2.108807213924594,-7.786665839950261,0.9447237244621887,0
4.540018041130866,0.07627746970399545,1.0862977959200129,1
6.323185859427029,3.427338816162398,0.6824805770654386,2
6.888317934273064,5.724934030750288,0.7038037394377042,3
-15.677650174389408,3.5790693111759446,0.4368159950906019,4
2.4839979067900813,-7.017930582131745,1.0719337485269351,0
4.6992686765059535,-0.42406960012283207,1.4267848162591297,1
6.3064092981602755,3.8919421922780355,0.3296658909070419,2
6.558698855181596,4.814851211973293,1.395024080401347,3
-15.416736725946672,3.0179514085253634,0.6995879401442313,4
2.5814752205127083,-6.933903058459343,1.2458305267129675,0
4.672484856396211,0.5698155879713896,0.7829473910304734,1
6.058102407621193,2.936577699153371,1.0899982778224937,2
6.952673397488034,5.667101670321207,1.1762088643249433,3
-15.534300867525015,2.649365935247708,0.5187695043437366,4
2.4334091602539014,-7.364553758661345,1.1161325142465788,0
4.923638124897238,0.07157245634907743,1.3145427034097514,1
5.7847291569202355,2.8325913416797066,1.7242080399584192,2
6.18094143370584,5.319020280775589,1.0570487527191328,3
-15.33922061149045,2.3728334612085353,0.236463186420709,4
2.446099299904163,-6.591889933868691,1.1680695719839478,0
2.382982733582106,0.29935430621450815,-2.734177392804623,1
4.451627387398439,3.3950438590444323,-1.9559329381736767,2
6.436897971001038,6.01683442758081,0.958252745246659,3
-15.172423726399188,3.0331350917382567,0.6305261034359981,4
2.286089184321497,-7.651335201391203,1.2515922751521233,0
4.222265671346849,-0.6076179579683264,1.151641406308125,1
6.593271326671805,3.0840961707315726,1.1403106758516282,2
6.559639252311482,5.897438035112064,0.6709718947071701,3
-15.428942675434545,3.4025955949005744,0.5212925159050557,4
2.4759682604532487,-6.386273617253557,1.1361328592176156,0
4.811115363072691,-0.08283706819853656,1.477135242260444,1
6.223356369930752,3.690158472607701,0.766092559726501,2
5.037789347376606,4.777992788972436,-2.5569289823967485,3
-14.717041663387764,-0.9278443366573697,0.3473378718386835,4
2.5056231761358823,-6.60984335525865,1.5980514470472347,0
4.910332662727373,0.38108195681419577,1.3123075663849353,1
5.764118754220131,3.3859482350209804,1.667035016501718,2
5.362668616826935,5.151354633930692,-1.9268289711241358,3
-15.473145529431182,3.2725074467418915,0.2735937909570562,4
2.607489768727343,-6.515856452987532,1.3932721493523705,0
4.647955669975007,0.48017087354577614,1.129174625709248,1
6.48027628929206,4.5341969978973715,0.7963772025804228,2
4.904275575592208,5.817964362095088,-2.573463965752055,3
-14.444825668003043,-0.33316441390656915,0.7017864461417089,4
2.546152120663133,-6.782444900583773,1.287058274080042,0
4.757222692786661,-0.37757582313305554,1.3845143188668774,1
4.140496779101905,3.699494353604752,-2.474628015624868,2
6.394264107845902,5.240782439492491,1.3165256614984249,3
-15.82262745034593,5.728988184371257,0.22416623184722753,4
2.7392599053797766,-6.9683405708539565,1.74556877636978,0
4.578897122754059,0.6609611330964187,0.7329402268806966,1
6.704140217944556,4.3459007450154115,1.11453534763731,2
6.552568508139466,5.635483445888543,1.6320301319351176,3
-14.650837364365595,1.8742637877127335,0.6495521369333805,4
2.533981809262729,-7.264811859938996,1.5934028196295444,0
4.389607313509603,-0.7082017374158001,1.6267281385250092,1
6.330861031152212,4.2516360123176,1.4808672237156115,2
7.108760692160223,6.6503416994359394,0.8482075172679744,3
-13.90615050043485,-1.5174583076299044,0.7189386491653335,4
2.4342654433500885,-6.407941244256921,1.0834794265621162,0
4.508043087135354,-0.10281441292840028,1.519525019878639,1
5.873826195513249,4.389499944077608,1.7891465235212596,2
7.804325181033862,9.588709095564473,1.7481951132914726,3
-14.987506923950031,2.955049194057104,0.5324220710485712,4
2.185118811320604,-6.42226446010387,0.8423618971800386,0
4.7874998928284676,0.20917876136670926,1.6269518174810549,1
6.305995090092641,4.902593811513042,1.4936426583245326,2
7.2313053114915835,6.61785468632257,1.2280582677284084,3
-14.678040978361228,2.410472746237816,0.8971207987846964,4
1.4410979975564098,-6.158587397343545,-1.2108022708146304,0
4.495565480492798,0.8542084435779614,1.012005884247789,1
5.939615384378674,3.980877382918211,1.7713615183829476,2
7.097293476188843,6.527578504810183,0.9475810495270459,3
-13.955160344549558,-0.5918521250998432,0.84929428486992,4
0.8334238033223464,-7.106007642477603,-1.6729248606358538,0
4.748471565334045,0.2605244042239859,1.3985141378658255,1
5.790690601523679,3.594078183575533,1.7156304944809981,2
5.537486530073574,5.838234621991749,-1.7346602466054242,3
-14.684199525568816,1.9675239083807072,0.4535622203669924,4
2.3539293962037626,-6.5939023057772195,1.4081255432107027,0
4.879358401605131,0.5316431758974063,1.737173077068765,1
5.708337762982567,3.6968834276153837,2.09300198279349,2
5.388376315814118,6.24840996859211,-2.017662805837092,3
-13.300947206568608,-4.432797884863267,0.9809872265212877,4
2.179155927453663,-7.25326896213907,1.9077865276591792,0
3.503576252279584,0.9102906621720738,0.053835741352389874,1
5.7885991307093025,4.469709273042462,1.5282076714761192,2
6.843488193587726,6.092530727078792,1.4024055445625425,3
-14.899982281720508,2.3248604030058493,0.44892768488348767,4
2.354882758408301,-7.433196016391698,2.064496726733489,0
4.905051477279979,0.04055172664134455,1.6351354835958203,1
4.368376298262481,3.750712172664356,-0.46585294986581227,2
4.625510538116378,6.413031552983658,-1.3127758217992633,3
-15.314262199250022,3.815948433154625,0.06312525347368513,4
1.9471534082293889,-5.91371295614464,0.6779962594135238,0
2.9364561019242332,-0.4363779706415903,-1.1108960770722898,1
3.9512049139870418,4.304443000015644,-1.2345977670816992,2
5.16746849408393,4.899856549660618,-0.09661486083296238,3
-13.911862838488188,-0.927129909062029,0.8956604550070801,4
2.1626562494377235,-7.3438797247715675,1.86327856395668,0
4.615390826045541,-0.1415847088870429,1.748028980614994,1
5.722025547853835,3.939139224191177,1.9031445412873471,2
6.59351480251048,5.8090495666728446,0.2655911942757918,3
-14.078523681551609,1.0814779017099094,0.8415013734947681,4
2.6889775627303716,-6.050433316448188,1.4760547044100698,0
4.2967970120193435,0.7152957805399873,0.8709157060205771,1
6.428161456300124,4.31691600841356,1.0594452304259614,2
6.166385128474549,6.192219207976174,1.6687840639230316,3
-14.997318426359492,3.779954014348862,0.5283265767734475,4
2.665269553593887,-6.022696018529497,1.5342092252978725,0
3.9522079765368856,0.6796906574122306,0.7323679857557136,1
5.3068982434535465,3.2264866754789985,1.9927928340590828,2
6.406170166875768,5.220715390621729,1.5976710695444167,3
-14.063844664059499,-0.3622357801453991,0.8121553738642515,4
2.3466894405645013,-7.349148993249873,2.015998188019776,0
4.2688274044435115,-0.37936048149174006,1.4914133787045758,1
5.473828822875911,3.1170984358969926,1.8448121728696518,2
3.7636255732423103,4.410754339687035,-2.365518137199544,3
-14.251438246423762,0.21233663308532702,0.5273563587996698,4
2.2789475635952887,-6.41861143507539,1.7333997414576017,0
4.328568388322839,0.4885014034866825,1.3877342410574054,1
5.5513014796802,3.288948169983511,1.5482308113358871,2
5.970287309891867,5.587501879515621,1.2315957315757922,3
-13.965779827211142,-2.1323468084646957,0.47303324895215854,4
2.4353522216220314,-6.85319991557845,1.7707060826242003,0
4.163100560666466,-0.1494008059877467,1.846445640819273,1
5.493966109564083,3.0212006191000804,1.971234891312248,2
5.484596149888798,4.3980123959353135,1.1438735080457594,3
-14.739896772835154,1.9510377363888314,0.5390417563822246,4
1.922495176716087,-6.190906339655202,1.1095346940587163,0
4.432224064028058,-0.43577425649368456,1.7598240792027462,1
5.36233627676725,2.6326272135869146,2.0356689399024535,2
6.301313007734073,4.911746778456828,1.8257543497240105,3
-12.944963171416935,-4.684884443747687,1.0192358362439702,4
1.79091264879187,-7.794000479463913,1.9792547759618793,0
4.153355290504794,-0.7224644682188949,1.9470691129741504,1
5.740545260438439,3.8768049651054572,1.898034062496263,2
5.890373266266211,4.80660847121737,1.7069960765123844,3
-14.4618720398317,2.2032282541655923,0.9134703453898344,4
2.013436120980763,-6.515777493541953,1.4731254308022872,0
3.613887388682673,0.31585527106421324,0.9086913417194497,1
3.427335299741035,3.647954534411832,-2.10909297477172,2
5.862962023865498,5.115869166822037,1.8082101840041547,3
-14.548203084798466,1.636942397539717,0.3395079668968787,4
1.8464667692244239,-7.51842014600192,1.5071311309954891,0
4.036759281597701,-0.6663127737912683,1.8430126299786134,1
4.045385767363331,2.9240574702775426,-1.0295570720290161,2
5.91957499718824,4.899252088962339,1.5222350598665135,3
-13.060419113572305,-3.6155972394725278,0.8355877719159708,4
2.11262807810537,-6.881563407712895,2.144586411806372,0
4.134768201971449,0.10345016588358685,1.4223928213231647,1
5.318333387106337,3.853362457573231,1.681518424280036,2
4.931322528004123,4.698205909435075,-0.2088708533348276,3
-12.232451922759546,-6.886485014277466,1.4153972928448706,4
2.1615577106252433,-6.415438151227799,1.5789545971945167,0
3.995548367578216,1.1404704937696688,1.6865243872647224,1
3.7640149696831933,3.442659938875102,-1.5317836072506814,2
5.152015319773521,4.906461579477837,0.53949672858094,3
-12.835875206960868,-4.6065071453183455,0.889713665398382,4
