Setting,Timestamp,Channel_0,Channel_1,Channel_2,Channel_3
250,12882,11232,378,17644,16842,
250,14163,10395,371,17643,16847,
250,15447,10113,380,17643,16846,
250,16731,9958,380,17643,16851,
250,18015,9878,380,17645,16851,
250,19300,9847,380,17645,16854,
250,20585,9854,379,17645,16852,
250,21870,9896,381,17644,16856,
250,23156,9950,381,17646,16851,
250,24441,10010,381,17646,16854,
250,25727,10084,380,17646,16855,
250,27886,10314,382,17646,16850,
250,29174,10115,380,17646,16857,
250,30456,9945,381,17647,16855,
250,31743,9890,372,17647,16857,
250,33025,9869,380,17647,16858,
250,34313,9870,381,17647,16852,
250,35594,9893,389,17648,16857,
250,36880,9962,381,17648,16853,
250,38167,10013,381,17647,16857,
250,39451,10068,379,17648,16855,
250,40736,10120,379,17647,16858,
250,42894,10264,381,17647,16857,
250,44179,10049,382,17647,16857,
250,45466,9900,380,17647,16855,
250,46751,9850,383,17648,16860,
250,48039,9850,368,17649,16858,
250,49323,9861,384,17648,16863,
250,50607,9905,377,17647,16852,
250,51889,9981,381,17648,16861,
250,53172,10052,380,17648,16855,
250,54457,10115,382,17648,16861,
250,55742,10154,381,17648,16856,
250,57897,10239,375,17647,16863,
250,59176,10020,384,17648,16859,
250,60459,9863,379,17647,16858,
250,61743,9838,370,17649,16859,
250,63030,9815,381,17648,16858,
250,64317,9831,379,17649,16858,
250,65601,9871,385,17649,16859,
250,66885,9943,379,17649,16863,
250,68171,10007,379,17649,16861,
250,69460,10062,384,17650,16862,
250,70743,10088,378,17649,16861,
250,72909,10223,383,17650,16864,
250,74197,10012,383,17649,16856,
250,75479,9886,382,17650,16859,
250,76768,9832,380,17650,16859,
250,78050,9817,379,17649,16862,
250,79337,9833,382,17649,16864,
250,80620,9865,382,17650,16862,
250,81908,9933,385,17649,16861,
250,83191,9978,383,17650,16863,
250,84477,10022,382,17649,16859,
250,85760,10066,379,17649,16861,
250,87913,10153,382,17650,16866,
250,89200,9979,381,17650,16860,
250,90485,9849,382,17650,16858,
250,91771,9806,380,17649,16861,
250,93058,9793,381,17648,16862,
250,94340,9815,380,17649,16861,
250,95625,9839,379,17651,16862,
250,96910,9874,380,17650,16859,
250,98197,9926,382,17649,16859,
250,99482,9991,368,17650,16860,
250,100769,10034,384,17651,16862,
240,12831,11539,609,17644,16819,
240,14112,10274,600,17644,16819,
240,15397,9908,597,17644,16834,
240,16679,9666,601,17643,16845,
240,17965,9633,596,17643,16828,
240,19248,9638,602,17645,16834,
240,20536,9630,587,17645,16837,
240,21819,9671,601,17644,16842,
240,23106,9741,592,17645,16830,
240,24389,9824,597,17645,16841,
240,25676,9866,597,17646,16822,
240,27835,10126,568,17646,16846,
240,29123,9901,607,17646,16846,
240,30405,9747,595,17648,16837,
240,31691,9646,595,17646,16843,
240,32973,9643,596,17647,16833,
240,34261,9608,597,17647,16838,
240,35543,9671,614,17648,16841,
240,36829,9747,599,17647,16838,
240,38116,9811,598,17647,16841,
240,39400,9825,595,17648,16846,
240,40684,9881,605,17648,16832,
240,42843,10056,606,17647,16840,
240,44128,9861,596,17647,16823,
240,45415,9651,595,17648,16850,
240,46700,9596,598,17648,16842,
240,47987,9584,602,17648,16835,
240,49271,9644,592,17647,16850,
240,50555,9638,598,17647,16842,
240,51838,9758,601,17649,16841,
240,53121,9823,609,17647,16836,
240,54406,9867,614,17647,16833,
240,55690,9943,588,17647,16840,
240,57846,10046,608,17648,16855,
240,59125,9798,613,17648,16849,
240,60408,9595,591,17648,16848,
240,61691,9569,604,17649,16846,
240,62978,9563,605,17648,16847,
240,64265,9588,595,17648,16833,
240,65549,9627,594,17649,16835,
240,66834,9710,569,17648,16839,
240,68121,9753,603,17648,16840,
240,69409,9853,612,17649,16848,
240,70691,9876,596,17649,16847,
240,72857,9990,599,17650,16848,
240,74146,9785,599,17650,16843,
240,75428,9634,594,17650,16842,
240,76717,9540,606,17650,16841,
240,77999,9552,601,17649,16859,
240,79285,9565,607,17650,16835,
240,80568,9620,608,17649,16840,
240,81856,9651,607,17650,16847,
240,83140,9738,601,17650,16849,
240,84426,9799,595,17650,16829,
240,85709,9880,589,17648,16842,
240,87861,9944,597,17650,16851,
240,89148,9774,589,17649,16851,
240,90434,9580,602,17649,16840,
240,91720,9536,611,17649,16845,
240,93007,9559,609,17648,16849,
240,94288,9573,595,17649,16844,
240,95573,9635,595,17649,16841,
240,96858,9632,593,17649,16854,
240,98145,9712,608,17649,16833,
240,99431,9794,590,17650,16833,
240,100718,9841,592,17652,16849,
230,12779,11788,974,17643,16766,
230,14060,9937,985,17643,16744,
230,15345,9493,978,17643,16737,
230,16628,9245,983,17644,16721,
230,17914,9180,967,17645,16784,
230,19197,9152,981,17645,16765,
230,20484,9150,956,17645,16742,
230,21767,9192,987,17646,16735,
230,23054,9351,1008,17646,16732,
230,24338,9388,976,17645,16748,
230,25626,9492,990,17646,16737,
230,27783,9675,977,17647,16734,
230,29071,9458,996,17645,16721,
230,30354,9269,964,17647,16706,
230,31640,9198,978,17646,16745,
230,32922,9143,983,17646,16766,
230,34210,9185,973,17647,16713,
230,35491,9236,988,17648,16750,
230,36777,9261,977,17648,16768,
230,38064,9353,977,17648,16741,
230,39348,9384,991,17648,16759,
230,40633,9444,986,17647,16722,
230,42791,9613,1012,17647,16747,
230,44076,9428,991,17646,16753,
230,45363,9185,974,17648,16762,
230,46648,9116,988,17648,16737,
230,47936,9117,964,17648,16748,
230,49221,9171,988,17647,16743,
230,50504,9234,965,17647,16714,
230,51786,9344,998,17649,16778,
230,53069,9401,989,17647,16743,
230,54354,9451,975,17648,16768,
230,55639,9552,975,17647,16766,
230,57794,9648,988,17648,16775,
230,59073,9360,995,17648,16749,
230,60356,9189,988,17648,16762,
230,61640,9130,985,17649,16718,
230,62927,9058,975,17648,16793,
230,64214,9092,986,17650,16731,
230,65500,9093,989,17648,16755,
230,66782,9254,978,17649,16747,
230,68069,9317,981,17649,16797,
230,69357,9393,975,17648,16735,
230,70640,9431,981,17649,16759,
230,72806,9578,986,17649,16730,
230,74094,9407,986,17649,16761,
230,75376,9140,948,17649,16736,
230,76665,9056,991,17649,16705,
230,77947,9113,986,17649,16780,
230,79234,9073,947,17650,16740,
230,80517,9108,1007,17650,16719,
230,81805,9189,988,17649,16705,
230,83088,9277,987,17651,16741,
230,84374,9383,998,17650,16696,
230,85657,9404,981,17649,16735,
230,87810,9505,985,17650,16750,
230,89097,9325,986,17650,16761,
230,90382,9163,991,17649,16719,
230,91668,9104,986,17649,16761,
230,92955,9101,979,17648,16737,
230,94237,9139,996,17649,16736,
230,95522,9133,983,17651,16747,
230,96807,9221,991,17648,16763,
230,98093,9255,983,17650,16748,
230,99380,9294,974,17649,16739,
230,100666,9341,984,17651,16760,
220,12728,12102,1473,17643,16635,
220,14009,9606,1484,17644,16638,
220,15293,9057,1476,17644,16657,
220,16576,8829,1480,17643,16656,
220,17862,8733,1465,17644,16645,
220,19145,8691,1488,17644,16642,
220,20433,8652,1463,17645,16652,
220,21716,8727,1471,17645,16683,
220,23003,8813,1471,17646,16658,
220,24286,8909,1491,17646,16661,
220,25574,8992,1448,17647,16668,
220,27732,9230,1469,17646,16657,
220,29020,9053,1491,17645,16670,
220,30303,8817,1471,17647,16677,
220,31588,8685,1466,17647,16681,
220,32870,8638,1483,17646,16669,
220,34158,8671,1477,17648,16650,
220,35440,8728,1477,17648,16654,
220,36726,8830,1469,17648,16658,
220,38013,8871,1487,17648,16671,
220,39297,8954,1475,17647,16664,
220,40582,9008,1470,17646,16669,
220,42740,9142,1467,17647,16661,
220,44025,8959,1472,17648,16688,
220,45312,8782,1466,17647,16658,
220,46597,8640,1475,17648,16661,
220,47884,8672,1469,17647,16657,
220,49169,8661,1489,17648,16659,
220,50452,8741,1485,17646,16650,
220,51735,8797,1447,17649,16653,
220,53018,8928,1472,17647,16645,
220,54303,9034,1476,17647,16665,
220,55587,9045,1468,17647,16649,
220,57743,9175,1475,17648,16664,
220,59022,8896,1476,17648,16658,
220,60305,8699,1476,17649,16636,
220,61588,8644,1483,17649,16671,
220,62875,8606,1470,17647,16651,
220,64162,8614,1479,17649,16674,
220,65448,8667,1480,17650,16657,
220,66732,8756,1453,17649,16655,
220,68018,8870,1478,17648,16663,
220,69307,8935,1486,17649,16671,
220,70588,9010,1467,17649,16660,
220,72754,9101,1435,17649,16664,
220,74043,8935,1481,17649,16662,
220,75326,8679,1468,17649,16654,
220,76614,8647,1486,17649,16648,
220,77896,8613,1473,17649,16670,
220,79182,8657,1488,17649,16649,
220,80466,8677,1478,17650,16654,
220,81753,8775,1511,17650,16664,
220,83037,8828,1462,17650,16647,
220,84323,8903,1481,17650,16673,
220,85606,8959,1473,17649,16664,
220,87758,9049,1486,17650,16667,
220,89045,8855,1482,17649,16664,
220,90331,8648,1468,17648,16662,
220,91617,8570,1496,17649,16665,
220,92904,8573,1485,17648,16655,
220,94185,8587,1473,17649,16649,
220,95470,8653,1485,17650,16656,
220,96755,8680,1482,17650,16660,
220,98042,8791,1484,17649,16645,
220,99329,8877,1476,17649,16659,
220,100615,8934,1465,17651,16649,
210,12676,12554,2027,17644,16691,
210,13957,9329,2000,17643,16682,
210,15242,8670,2020,17643,16686,
210,16525,8432,2010,17643,16686,
210,17811,8288,2035,17644,16674,
210,19093,8228,2017,17645,16695,
210,20381,8224,2034,17645,16686,
210,21664,8313,2021,17645,16687,
210,22951,8369,2031,17645,16674,
210,24235,8500,2021,17645,16690,
210,25523,8574,2001,17647,16700,
210,27681,8770,2017,17645,16686,
210,28968,8625,2038,17647,16683,
210,30251,8361,2032,17646,16708,
210,31537,8266,2029,17646,16690,
210,32820,8243,2035,17647,16670,
210,34107,8270,2025,17647,16674,
210,35391,8308,2036,17648,16675,
210,36674,8375,2033,17648,16724,
210,37962,8463,2034,17647,16675,
210,39246,8521,2023,17648,16684,
210,40531,8600,2017,17646,16686,
210,42688,8720,2023,17646,16696,
210,43973,8557,2030,17648,16690,
210,45260,8319,2021,17648,16686,
210,46545,8232,2022,17647,16722,
210,47833,8186,2016,17647,16712,
210,49118,8215,2034,17648,16719,
210,50401,8294,2027,17647,16695,
210,51683,8393,2038,17648,16681,
210,52966,8470,2036,17647,16715,
210,54251,8567,2028,17649,16699,
210,55536,8650,2026,17648,16699,
210,57691,8730,2001,17648,16694,
210,58970,8529,2023,17649,16690,
210,60253,8235,1982,17648,16673,
210,61537,8157,1999,17649,16710,
210,62824,8126,2025,17648,16695,
210,64111,8159,2028,17649,16701,
210,65397,8204,2033,17649,16716,
210,66680,8304,2031,17648,16678,
210,67966,8420,2037,17648,16675,
210,69254,8490,2031,17648,16702,
210,70537,8590,1980,17650,16706,
210,72703,8688,2047,17649,16687,
210,73991,8514,2032,17649,16702,
210,75274,8261,2040,17650,16721,
210,76562,8160,2042,17649,16686,
210,77846,8157,2026,17649,16706,
210,79131,8177,2029,17650,16716,
210,80417,8216,2032,17649,16697,
210,81702,8291,2036,17650,16686,
210,82986,8401,2020,17650,16717,
210,84271,8475,2027,17649,16692,
210,85555,8517,2022,17649,16702,
210,87707,8582,2028,17649,16690,
210,88993,8469,2009,17649,16690,
210,90279,8224,2023,17649,16689,
210,91565,8154,2034,17648,16706,
210,92852,8103,2055,17649,16693,
210,94134,8157,1988,17649,16737,
210,95419,8185,2035,17650,16703,
210,96704,8273,2030,17650,16672,
210,97990,8327,2035,17649,16716,
210,99277,8433,2017,17650,16694,
210,100563,8474,2022,17651,16692,
200,12625,12961,2625,17643,16729,
200,13906,8876,2619,17643,16726,
200,15190,8202,2614,17644,16723,
200,16473,7942,2633,17642,16728,
200,17759,7756,2623,17644,16740,
200,19042,7698,2647,17645,16730,
200,20330,7735,2622,17645,16740,
200,21613,7741,2627,17645,16721,
200,22900,7803,2626,17646,16723,
200,24185,7963,2623,17645,16742,
200,25471,8005,2624,17646,16726,
200,27630,8176,2613,17646,16728,
200,28917,8148,2626,17646,16725,
200,30200,7803,2641,17646,16732,
200,31487,7735,2586,17647,16729,
200,32768,7697,2617,17647,16728,
200,34055,7657,2626,17648,16738,
200,35340,7707,2634,17648,16720,
200,36623,7792,2633,17648,16731,
200,37911,7884,2619,17649,16732,
200,39194,7980,2620,17647,16743,
200,40481,8052,2627,17647,16724,
200,42637,8082,2635,17647,16736,
200,43922,8020,2632,17648,16726,
200,45209,7788,2614,17648,16728,
200,46493,7626,2641,17648,16735,
200,47781,7582,2621,17647,16726,
200,49066,7651,2624,17648,16741,
200,50350,7717,2633,17647,16731,
200,51632,7797,2624,17648,16726,
200,52915,7904,2619,17648,16736,
200,54200,8035,2622,17648,16727,
200,55484,8049,2616,17647,16726,
200,57640,8158,2622,17648,16738,
200,58920,7977,2633,17647,16733,
200,60202,7729,2628,17648,16728,
200,61486,7587,2629,17648,16729,
200,62772,7591,2628,17649,16717,
200,64060,7614,2662,17649,16730,
200,65346,7673,2625,17649,16724,
200,66629,7782,2678,17648,16735,
200,67915,7885,2631,17648,16734,
200,69203,7942,2629,17647,16751,
200,70487,8012,2633,17649,16736,
200,72651,8042,2622,17649,16739,
200,73940,7932,2619,17650,16728,
200,75223,7708,2634,17650,16737,
200,76511,7608,2627,17650,16741,
200,77794,7614,2638,17650,16724,
200,79079,7603,2624,17649,16750,
200,80365,7658,2635,17649,16739,
200,81650,7740,2624,17649,16729,
200,82935,7791,2588,17650,16738,
200,84220,7904,2619,17649,16740,
200,85504,7945,2627,17650,16730,
200,87655,8027,2632,17649,16720,
200,88942,7918,2648,17649,16737,
200,90228,7682,2619,17649,16749,
200,91514,7593,2635,17648,16737,
200,92801,7539,2636,17649,16727,
200,94082,7523,2638,17650,16733,
200,95367,7653,2640,17651,16734,
200,96652,7723,2619,17648,16729,
200,97940,7810,2630,17650,16731,
200,99226,7848,2616,17650,16742,
200,100512,7946,2632,17650,16731,
190,12573,12884,3287,17643,16649,
190,13856,7822,3270,17642,16646,
190,15139,7051,3271,17643,16740,
190,16424,6822,3264,17643,16732,
190,17708,6654,3266,17645,16754,
190,18992,6618,3264,17644,16765,
190,20278,6632,3248,17646,16751,
190,21562,6596,3254,17645,16720,
190,22848,6682,3272,17646,16728,
190,24135,6752,3247,17646,16769,
190,25420,6827,3256,17646,16710,
190,27578,7018,3274,17646,16727,
190,28865,6952,3262,17646,16757,
190,30148,6720,3254,17646,16730,
190,31436,6620,3267,17647,16750,
190,32717,6595,3260,17647,16782,
190,34004,6616,3257,17647,16689,
190,35288,6619,3272,17648,16733,
190,36571,6646,3272,17648,16768,
190,37859,6736,3260,17648,16751,
190,39143,6826,3261,17648,16779,
190,40430,6935,3247,17647,16771,
190,42585,6908,3252,17647,16772,
190,43870,6970,3251,17648,16764,
190,45157,6623,3261,17647,16728,
190,46442,6543,3261,17647,16717,
190,47730,6533,3255,17647,16740,
190,49015,6530,3262,17648,16765,
190,50299,6611,3264,17647,16718,
190,51580,6721,3275,17648,16763,
190,52863,6820,3268,17648,16745,
190,54148,6887,3261,17647,16737,
190,55433,6964,3248,17647,16722,
190,57588,6962,3264,17647,16768,
190,58868,6849,3276,17647,16776,
190,60150,6594,3272,17648,16748,
190,61435,6539,3266,17648,16773,
190,62721,6490,3269,17650,16705,
190,64009,6517,3273,17648,16757,
190,65294,6580,3260,17649,16753,
190,66577,6709,3278,17649,16746,
190,67863,6730,3278,17649,16749,
190,69151,6887,3273,17649,16734,
190,70436,6935,3266,17649,16770,
190,72600,6941,3257,17650,16762,
190,73888,6900,3262,17650,16733,
190,75171,6640,3258,17650,16744,
190,76459,6586,3256,17650,16765,
190,77743,6544,3262,17649,16745,
190,79028,6531,3278,17650,16728,
190,80314,6562,3279,17649,16756,
190,81599,6612,3254,17650,16717,
190,82883,6728,3264,17650,16761,
190,84168,6800,3261,17648,16734,
190,85452,6851,3260,17649,16789,
190,87606,6811,3273,17649,16754,
190,88890,6807,3267,17649,16762,
190,90178,6553,3265,17649,16756,
190,91462,6547,3261,17648,16759,
190,92749,6442,3241,17649,16743,
190,94031,6531,3244,17650,16735,
190,95316,6533,3270,17650,16749,
190,96601,6598,3283,17649,16764,
190,97888,6725,3255,17650,16754,
190,99174,6715,3263,17649,16759,
190,100460,6881,3261,17651,16751,
180,12524,12540,3861,17643,16300,
180,13805,6347,3938,17643,16443,
180,15087,5612,3945,17643,16453,
180,16372,5353,3920,17643,16458,
180,17656,5211,3925,17644,16463,
180,18941,5148,3925,17644,16462,
180,20227,5126,3913,17645,16467,
180,21513,5146,3924,17645,16467,
180,22797,5179,3932,17646,16470,
180,24084,5261,3918,17645,16462,
180,25368,5325,3920,17645,16469,
180,27527,5345,3929,17645,16509,
180,28814,5467,3909,17646,16479,
180,30097,5246,3922,17648,16490,
180,31383,5111,3946,17647,16481,
180,32665,5077,3952,17647,16466,
180,33952,5065,3932,17648,16472,
180,35237,5099,3929,17649,16492,
180,36520,5144,3932,17648,16508,
180,37808,5203,3943,17648,16485,
180,39091,5275,3946,17648,16528,
180,40378,5315,3935,17647,16500,
180,42535,5286,3938,17647,16522,
180,43819,5358,3933,17648,16497,
180,45106,5158,3939,17647,16467,
180,46390,5061,3937,17647,16484,
180,47678,5032,3919,17647,16491,
180,48963,5039,3952,17647,16497,
180,50249,5072,3923,17646,16490,
180,51529,5124,3898,17648,16509,
180,52813,5212,3968,17648,16525,
180,54097,5311,3936,17648,16546,
180,55383,5340,3913,17647,16511,
180,57537,5312,3935,17648,16544,
180,58817,5317,3946,17647,16503,
180,60099,5096,3941,17648,16497,
180,61383,4998,3950,17647,16515,
180,62669,4991,3926,17648,16494,
180,63957,4995,3939,17649,16542,
180,65243,5015,3939,17649,16509,
180,66526,5088,3937,17649,16519,
180,67812,5157,3942,17648,16558,
180,69100,5233,3944,17649,16561,
180,70384,5267,3893,17649,16574,
180,72548,5301,3948,17649,16566,
180,73837,5298,3962,17649,16514,
180,75120,5098,3934,17649,16519,
180,76408,4999,3932,17648,16553,
180,77691,4977,3931,17649,16537,
180,78976,4980,3954,17649,16528,
180,80262,5017,3945,17650,16524,
180,81547,5071,3940,17650,16529,
180,82832,5156,3933,17649,16517,
180,84117,5203,3931,17649,16544,
180,85401,5255,3930,17649,16527,
180,87554,5207,3944,17649,16492,
180,88839,5269,3930,17649,16536,
180,90127,5071,3940,17649,16537,
180,91411,4975,3949,17650,16525,
180,92698,4950,3944,17649,16550,
180,93979,4970,3938,17650,16517,
180,95266,4978,3935,17650,16505,
180,96549,5015,3930,17649,16514,
180,97837,5094,3944,17650,16536,
180,99123,5156,3947,17650,16512,
180,100409,5228,3935,17651,16526,
170,12471,12570,4600,17643,16399,
170,13753,5038,4593,17643,16380,
170,15036,4366,4596,17643,16390,
170,16321,4122,4596,17643,16387,
170,17605,4004,4605,17645,16390,
170,18889,3938,4609,17645,16381,
170,20175,3912,4604,17645,16385,
170,21461,3902,4595,17645,16384,
170,22746,3961,4600,17646,16391,
170,24033,3995,4607,17645,16384,
170,25317,4032,4585,17644,16392,
170,27475,3977,4605,17646,16397,
170,28762,4159,4625,17646,16391,
170,30045,3981,4619,17647,16393,
170,31332,3898,4586,17647,16394,
170,32615,3849,4589,17646,16382,
170,33901,3839,4592,17648,16394,
170,35185,3859,4605,17648,16387,
170,36468,3890,4592,17648,16383,
170,37756,3932,4603,17648,16391,
170,39040,3978,4587,17648,16389,
170,40327,4026,4585,17648,16379,
170,42483,3919,4550,17648,16392,
170,43767,4066,4587,17648,16384,
170,45054,3901,4589,17646,16377,
170,46339,3799,4588,17647,16388,
170,47627,3805,4591,17647,16383,
170,48912,3794,4613,17648,16394,
170,50198,3808,4604,17647,16386,
170,51477,3859,4607,17648,16389,
170,52761,3926,4602,17648,16393,
170,54045,3967,4606,17647,16379,
170,55334,4049,4563,17647,16381,
170,57487,3950,4595,17647,16393,
170,58765,4014,4589,17647,16399,
170,60047,3850,4589,17648,16393,
170,61332,3784,4598,17648,16381,
170,62618,3762,4610,17649,16382,
170,63906,3742,4603,17648,16386,
170,65191,3774,4603,17649,16388,
170,66474,3822,4596,17648,16391,
170,67760,3857,4603,17648,16383,
170,69048,3918,4598,17649,16391,
170,70333,3971,4607,17650,16377,
170,72497,3888,4596,17649,16403,
170,73785,4002,4596,17650,16384,
170,75068,3847,4610,17649,16378,
170,76357,3783,4599,17650,16381,
170,77640,3746,4589,17649,16390,
170,78926,3735,4576,17649,16393,
170,80211,3742,4600,17650,16382,
170,81496,3804,4596,17651,16380,
170,82780,3848,4604,17649,16388,
170,84065,3891,4585,17649,16378,
170,85349,3930,4610,17649,16389,
170,87503,3847,4598,17650,16401,
170,88787,3976,4606,17648,16390,
170,90075,3815,4597,17649,16390,
170,91359,3746,4610,17650,16373,
170,92646,3710,4596,17649,16374,
170,93928,3713,4607,17649,16388,
170,95215,3726,4609,17649,16386,
170,96500,3765,4598,17649,16387,
170,97785,3807,4596,17649,16393,
170,99071,3869,4594,17649,16393,
170,100357,3908,4604,17650,16388,
60,11908,6062,11010,17643,14162,
60,13189,19,11111,17644,14317,
60,14470,19,11204,17644,14348,
60,15755,19,11188,17643,14357,
60,17041,19,11187,17644,14363,
60,18325,18,11190,17645,14370,
60,19608,19,11196,17645,14362,
60,20895,19,11205,17645,14373,
60,22180,19,11205,17645,14378,
60,23466,18,11199,17645,14384,
60,24751,19,11204,17645,14369,
60,26911,19,11228,17647,14411,
60,28197,18,11213,17647,14389,
60,29480,19,11204,17646,14384,
60,30766,18,11218,17647,14376,
60,32051,18,11202,17648,14380,
60,33335,19,11205,17646,14394,
60,34623,19,11210,17647,14394,
60,35904,18,11207,17648,14389,
60,37190,19,11210,17647,14398,
60,38476,19,11209,17648,14381,
60,39760,18,11198,17649,14396,
60,41918,19,11243,17649,14431,
60,43203,19,11220,17647,14409,
60,44489,19,11221,17648,14401,
60,45776,19,11229,17649,14404,
60,47061,19,11225,17648,14400,
60,48348,19,11230,17648,14402,
60,49633,19,11222,17648,14384,
60,50916,19,11225,17647,14392,
60,52200,19,11221,17647,14393,
60,53479,19,11217,17647,14390,
60,54767,19,11209,17647,14407,
60,56922,19,11241,17646,14428,
60,58205,19,11248,17648,14412,
60,59482,19,11208,17648,14393,
60,60765,19,11218,17648,14397,
60,62051,19,11243,17649,14404,
60,63340,19,11215,17648,14402,
60,64626,18,11217,17649,14405,
60,65910,19,11225,17650,14414,
60,67194,19,11233,17649,14408,
60,68481,19,11215,17649,14414,
60,69767,19,11237,17650,14405,
60,71931,19,11255,17650,14442,
60,73219,19,11240,17650,14424,
60,74504,18,11222,17650,14418,
60,75789,19,11225,17650,14412,
60,77077,19,11233,17650,14414,
60,78360,19,11227,17650,14406,
60,79644,19,11248,17650,14399,
60,80930,19,11211,17650,14375,
60,82216,19,11196,17650,14422,
60,83501,19,11180,17650,14400,
60,84784,18,11238,17649,14413,
60,86937,19,11240,17650,14447,
60,88223,19,11243,17650,14426,
60,89510,18,11224,17649,14405,
60,90794,18,11238,17649,14415,
60,92081,18,11247,17650,14413,
60,93363,18,11240,17649,14420,
60,94649,19,11229,17650,14410,
60,95934,19,11182,17649,14406,
60,97220,18,11227,17650,14417,
60,98506,19,11224,17649,14402,
60,99792,18,11242,17650,14415,
50,11856,6143,11341,17642,14105,
50,13138,19,11417,17645,14216,
50,14421,19,11403,17644,14244,
50,15704,18,11439,17644,14256,
50,16989,18,11455,17645,14256,
50,18273,19,11474,17645,14259,
50,19556,19,11443,17645,14256,
50,20844,18,11448,17644,14268,
50,22129,19,11467,17646,14261,
50,23415,19,11463,17646,14271,
50,24700,18,11446,17646,14268,
50,26859,19,11467,17646,14294,
50,28145,18,11485,17647,14286,
50,29429,19,11465,17646,14275,
50,30715,19,11477,17648,14280,
50,32000,18,11466,17648,14283,
50,33283,19,11464,17646,14283,
50,34571,19,11458,17647,14277,
50,35852,19,11472,17649,14276,
50,37139,18,11459,17648,14280,
50,38426,18,11462,17648,14279,
50,39709,18,11477,17649,14274,
50,41866,19,11493,17648,14304,
50,43151,18,11480,17648,14297,
50,44438,18,11456,17648,14284,
50,45725,19,11465,17648,14290,
50,47010,18,11475,17646,14289,
50,48297,19,11466,17647,14286,
50,49581,19,11462,17647,14267,
50,50864,18,11456,17647,14284,
50,52148,18,11470,17649,14277,
50,53428,19,11483,17647,14293,
50,54716,19,11459,17648,14287,
50,56872,19,11485,17646,14245,
50,58153,19,11479,17648,14292,
50,59435,18,11427,17648,14196,
50,60714,18,11474,17649,14285,
50,62001,18,11477,17650,14283,
50,63288,18,11477,17649,14286,
50,64575,19,11480,17649,14214,
50,65858,18,11461,17650,14291,
50,67144,18,11418,17649,14289,
50,68430,19,11469,17650,14295,
50,69717,19,11460,17650,14288,
50,71879,19,11484,17650,14313,
50,73167,19,11512,17650,14302,
50,74452,19,11475,17650,14300,
50,75738,18,11491,17649,14304,
50,77026,19,11489,17650,14297,
50,78309,18,11476,17650,14297,
50,79592,19,11457,17649,14282,
50,80878,19,11488,17650,14293,
50,82164,19,11493,17649,14305,
50,83449,18,11463,17650,14283,
50,84733,18,11395,17649,14285,
50,86885,18,11500,17650,14315,
50,88171,18,11489,17649,14305,
50,89458,19,11425,17649,14284,
50,90743,19,11474,17649,14299,
50,92030,19,11460,17649,14301,
50,93313,18,11431,17649,14290,
50,94598,18,11476,17650,14297,
50,95882,19,11494,17649,14292,
50,97168,19,11489,17649,14300,
50,98454,19,11481,17649,14289,
50,99741,19,11500,17651,14298,
40,11805,6300,11551,17642,14082,
40,13086,19,11660,17644,14199,
40,14370,19,11703,17644,14215,
40,15652,18,11726,17643,14235,
40,16938,18,11720,17643,14228,
40,18222,18,11720,17645,14237,
40,19507,18,11714,17644,14230,
40,20792,18,11726,17645,14245,
40,22077,18,11747,17645,14244,
40,23363,19,11738,17646,14250,
40,24648,18,11727,17646,14253,
40,26808,18,11733,17646,14259,
40,28093,19,11740,17647,14259,
40,29377,18,11723,17646,14249,
40,30663,19,11733,17647,14263,
40,31948,19,11741,17646,14250,
40,33232,18,11728,17646,14259,
40,34520,19,11697,17648,14254,
40,35801,19,11743,17648,14253,
40,37087,19,11750,17648,14258,
40,38374,19,11723,17647,14256,
40,39657,18,11783,17648,14256,
40,41815,19,11752,17648,14281,
40,43100,18,11756,17647,14266,
40,44386,19,11728,17648,14264,
40,45673,19,11732,17648,14252,
40,46958,19,11749,17648,14269,
40,48245,19,11752,17647,14265,
40,49530,19,11724,17648,14248,
40,50813,19,11743,17648,14266,
40,52097,19,11768,17649,14256,
40,53376,18,11750,17647,14266,
40,54664,18,11720,17648,14262,
40,56821,19,11769,17647,14274,
40,58102,19,11759,17648,14267,
40,59383,19,11742,17649,14251,
40,60662,19,11745,17648,14266,
40,61949,18,11753,17649,14260,
40,63237,19,11729,17649,14267,
40,64524,18,11714,17649,14270,
40,65807,18,11749,17650,14254,
40,67092,19,11747,17649,14261,
40,68378,19,11748,17649,14268,
40,69665,19,11751,17650,14219,
40,71828,19,11774,17650,14279,
40,73116,19,11769,17650,14282,
40,74401,19,11754,17650,14272,
40,75686,19,11750,17650,14276,
40,76974,19,11749,17650,14269,
40,78257,19,11758,17650,14273,
40,79541,19,11744,17650,14259,
40,80827,18,11781,17650,14264,
40,82113,19,11748,17649,14273,
40,83398,18,11746,17650,14268,
40,84681,18,11744,17650,14263,
40,86834,18,11696,17651,14284,
40,88120,19,11787,17650,14274,
40,89407,19,11734,17649,14250,
40,90692,19,11654,17649,14277,
40,91978,18,11760,17649,14269,
40,93262,18,11766,17649,14267,
40,94546,19,11737,17649,14279,
40,95831,19,11703,17649,14270,
40,97117,19,11765,17649,14268,
40,98403,19,11777,17649,14258,
40,99689,19,11727,17650,14273,
30,11753,6508,11847,17642,14087,
30,13035,19,11952,17644,14207,
30,14319,19,12033,17644,14234,
30,15601,19,12009,17644,14242,
30,16886,19,12004,17643,14250,
30,18170,19,11997,17646,14258,
30,19455,18,12001,17645,14247,
30,20741,18,12003,17645,14256,
30,22026,18,12007,17646,14264,
30,23312,19,12032,17646,14253,
30,24597,19,12016,17646,14266,
30,26756,18,12030,17646,14278,
30,28042,18,12023,17646,14269,
30,29329,19,12009,17646,14247,
30,30612,18,12008,17647,14275,
30,31897,18,12036,17646,14266,
30,33180,19,12016,17646,14267,
30,34468,19,12010,17648,14269,
30,35749,19,12021,17648,14271,
30,37036,18,12020,17648,14266,
30,38323,19,12049,17648,14274,
30,39606,19,12024,17648,14265,
30,41763,19,12040,17648,14288,
30,43049,18,12037,17647,14249,
30,44335,18,12023,17648,14282,
30,45622,19,12022,17647,14258,
30,46907,19,12037,17649,14264,
30,48194,19,12056,17648,14269,
30,49478,19,12018,17648,14264,
30,50761,19,12014,17647,14278,
30,52045,19,12019,17648,14276,
30,53327,18,12008,17647,14278,
30,54613,19,12071,17648,14271,
30,56769,18,12027,17647,14289,
30,58050,19,12034,17649,14282,
30,59332,18,12001,17649,14269,
30,60611,19,12037,17649,14278,
30,61898,19,12038,17649,14271,
30,63185,18,12043,17648,14282,
30,64472,19,12055,17649,14278,
30,65755,19,12033,17650,14280,
30,67041,19,12023,17649,14284,
30,68327,19,12023,17649,14276,
30,69614,19,12035,17649,14281,
30,71776,18,12044,17650,14292,
30,73064,19,12048,17651,14294,
30,74349,19,12032,17650,14279,
30,75635,19,11974,17650,14285,
30,76923,19,12035,17650,14276,
30,78206,19,11990,17650,14281,
30,79491,18,12008,17650,14267,
30,80775,18,12045,17650,14281,
30,82062,19,12026,17650,14284,
30,83346,19,12045,17650,14283,
30,84632,19,12007,17649,14274,
30,86782,19,12038,17650,14292,
30,88068,18,12061,17650,14296,
30,89355,19,12020,17650,14274,
30,90641,19,12022,17650,14284,
30,91927,19,12026,17648,14284,
30,93214,19,12044,17649,14286,
30,94495,19,12038,17649,14223,
30,95780,19,12070,17649,14281,
30,97065,19,12052,17650,14281,
30,98352,18,12027,17648,14277,
30,99638,19,12038,17650,14280,
10,11650,5823,12699,17642,14270,
10,12933,4042,13011,17644,14419,
10,14216,3779,13106,17643,14464,
10,15498,3632,13109,17644,14471,
10,16783,3581,13113,17644,14467,
10,18067,3542,13109,17645,14470,
10,19352,3438,13112,17646,14475,
10,20638,3437,13137,17644,14476,
10,21923,3542,13127,17644,14482,
10,23209,3467,13118,17645,14482,
10,24493,3488,13130,17646,14474,
10,26655,3468,13154,17646,14486,
10,27939,3709,13150,17646,14496,
10,29227,3536,13122,17646,14472,
10,30509,3547,13133,17648,14489,
10,31795,3518,13106,17648,14486,
10,33077,3514,13137,17647,14490,
10,34365,3417,13144,17648,14490,
10,35646,3439,13125,17648,14490,
10,36933,3454,13066,17648,14491,
10,38220,3479,13136,17648,14490,
10,39503,3516,13107,17648,14490,
10,41660,3469,13148,17648,14508,
10,42946,3668,13146,17648,14498,
10,44232,3580,13170,17647,14489,
10,45519,3520,13148,17647,14490,
10,46804,3503,13141,17648,14491,
10,48091,3407,13134,17648,14495,
10,49375,3411,13121,17647,14482,
10,50659,3422,13137,17648,14486,
10,51942,3465,13159,17647,14492,
10,53225,3486,13129,17647,14496,
10,54510,3601,13138,17648,14499,
10,56666,3485,13144,17647,14506,
10,57947,3627,13157,17648,14505,
10,59229,3463,13119,17648,14488,
10,60510,3468,13136,17648,14495,
10,61795,3375,13130,17649,14497,
10,63082,3417,13148,17649,14493,
10,64369,3390,13135,17648,14493,
10,65652,3448,13138,17649,14497,
10,66938,3526,13173,17649,14497,
10,68224,3531,13141,17648,14503,
10,69513,3482,13145,17649,14503,
10,71673,3448,13134,17650,14514,
10,72961,3642,13151,17651,14509,
10,74249,3549,13141,17650,14499,
10,75532,3412,13139,17650,14499,
10,76821,3391,13140,17650,14502,
10,78103,3473,13145,17649,14494,
10,79389,3476,13132,17650,14488,
10,80672,3494,13152,17650,14500,
10,81960,3423,13141,17649,14490,
10,83244,3542,13184,17651,14502,
10,84530,3559,13096,17649,14497,
10,86679,3436,13153,17651,14516,
10,87965,3527,13187,17650,14506,
10,89252,3443,13140,17649,14497,
10,90538,3389,13158,17650,14497,
10,91824,3372,13142,17650,14505,
10,93111,3370,13138,17649,14501,
10,94392,3366,13140,17650,14499,
10,95677,3389,13136,17650,14505,
10,96962,3494,13136,17650,14500,
10,98249,3519,13114,17650,14496,
10,99535,3554,13163,17651,14500,
20,11703,6625,12162,17642,14125,
20,12983,19,12293,17644,14249,
20,14267,19,12340,17644,14284,
20,15549,19,12353,17643,14291,
20,16835,19,12316,17644,14289,
20,18119,19,12364,17646,14303,
20,19404,19,12363,17645,14294,
20,20689,19,12354,17645,14301,
20,21974,19,12354,17645,14310,
20,23260,19,12347,17645,14298,
20,24545,19,12362,17646,14307,
20,26705,19,12352,17646,14324,
20,27990,19,12375,17646,14321,
20,29277,19,12352,17646,14298,
20,30560,19,12380,17647,14316,
20,31846,19,12379,17647,14315,
20,33129,19,12370,17647,14314,
20,34417,19,12369,17647,14315,
20,35698,19,12386,17648,14311,
20,36984,19,12381,17648,14312,
20,38271,19,12369,17647,14321,
20,39554,19,12365,17648,14318,
20,41712,19,12373,17647,14330,
20,42998,19,12384,17647,14318,
20,44283,18,12387,17647,14322,
20,45570,19,12375,17648,14313,
20,46855,19,12392,17648,14320,
20,48143,19,12383,17648,14319,
20,49427,19,12395,17647,14307,
20,50711,19,12379,17648,14319,
20,51993,19,12401,17648,14321,
20,53276,19,12397,17647,14323,
20,54561,19,12371,17648,14316,
20,56718,19,12377,17648,14333,
20,57999,19,12393,17648,14331,
20,59280,19,12377,17649,14312,
20,60559,19,12378,17648,14301,
20,61846,19,12371,17650,14319,
20,63134,19,12326,17648,14327,
20,64421,19,12394,17649,14315,
20,65704,19,12393,17650,14317,
20,66989,19,12392,17649,14326,
20,68275,19,12368,17649,14321,
20,69562,19,12380,17649,14332,
20,71725,19,12381,17650,14308,
20,73013,19,12400,17650,14336,
20,74301,19,12348,17650,14300,
20,75583,19,12398,17649,14323,
20,76872,19,12314,17650,14323,
20,78154,19,12386,17649,14323,
20,79440,19,12369,17648,14307,
20,80724,19,12388,17649,14327,
20,82011,18,12385,17649,14319,
20,83295,19,12402,17650,14327,
20,84580,18,12377,17649,14320,
20,86731,19,12383,17651,14339,
20,88017,19,12397,17650,14336,
20,89304,19,12367,17650,14314,
20,90589,19,12405,17650,14324,
20,91875,19,12404,17649,14333,
20,93162,19,12392,17649,14326,
20,94444,19,12387,17650,14327,
20,95729,19,12379,17650,14333,
20,97014,19,12391,17650,14321,
20,98301,19,12380,17649,14324,
20,99586,19,12380,17650,14318,
70,11959,6117,11072,17641,15084,
70,13241,20,11165,17644,15115,
70,14522,20,11169,17644,15102,
70,15807,20,11121,17644,15088,
70,17092,19,11132,17644,15120,
70,18376,19,11134,17645,15185,
70,19659,19,11135,17645,15128,
70,20946,19,11147,17644,15115,
70,22232,19,11150,17645,15185,
70,23518,19,11150,17646,15180,
70,24803,19,11168,17645,15126,
70,26962,19,11155,17646,15132,
70,28248,19,11054,17647,15168,
70,29532,19,11128,17647,15153,
70,30818,20,11140,17647,15142,
70,32103,19,11160,17647,15189,
70,33386,19,11099,17646,15225,
70,34674,19,11141,17649,15136,
70,35954,19,11144,17647,15166,
70,37242,19,11128,17647,15197,
70,38528,19,11109,17648,15173,
70,39812,19,11159,17649,15169,
70,41969,19,11158,17648,15137,
70,43254,19,11151,17648,15160,
70,44541,19,11164,17648,15181,
70,45828,19,11108,17649,15206,
70,47113,19,11138,17648,15126,
70,48400,19,11144,17648,15188,
70,49684,19,11188,17648,15190,
70,50967,19,11125,17647,15165,
70,52251,19,11185,17648,15186,
70,53531,19,11164,17647,15182,
70,54819,19,11117,17648,15187,
70,56972,19,11133,17647,15088,
70,58256,19,11153,17647,15195,
70,59534,19,11155,17648,15145,
70,60817,19,11125,17648,15182,
70,62103,19,11153,17648,15191,
70,63391,19,11171,17649,15189,
70,64677,19,11132,17649,15202,
70,65961,19,11158,17649,15192,
70,67246,19,11162,17650,15157,
70,68533,19,11123,17650,15182,
70,69819,19,11171,17650,15151,
70,71982,19,11147,17650,15139,
70,73270,19,11191,17650,15224,
70,74555,20,11117,17650,15173,
70,75841,19,11203,17649,15180,
70,77129,19,11134,17650,15177,
70,78412,19,11152,17650,15211,
70,79695,19,11158,17649,15162,
70,80981,19,11147,17650,15165,
70,82267,19,11158,17650,15187,
70,83550,19,11148,17649,15158,
70,84836,19,11145,17649,15156,
70,86988,19,11137,17649,15139,
70,88274,19,11148,17649,15148,
70,89561,19,11202,17649,15112,
70,90846,19,11109,17649,15175,
70,92133,19,11140,17650,15219,
70,93415,19,11129,17650,15191,
70,94701,19,11166,17650,15203,
70,95985,19,11135,17649,15216,
70,97271,19,11105,17651,15205,
70,98557,19,11149,17650,15173,
70,99844,19,11134,17651,15227,
80,12009,7218,10518,17642,15104,
80,13292,27,10575,17644,15212,
80,14573,25,10627,17644,15202,
80,15858,23,10602,17643,15133,
80,17144,23,10602,17644,15233,
80,18428,23,10639,17644,15196,
80,19711,23,10626,17645,15205,
80,20998,23,10601,17645,15223,
80,22283,23,10615,17645,15207,
80,23569,23,10589,17646,15182,
80,24854,23,10600,17646,15225,
80,27014,22,10646,17646,15220,
80,28299,23,10644,17646,15240,
80,29583,22,10640,17647,15188,
80,30869,22,10647,17647,15171,
80,32154,22,10645,17647,15257,
80,33438,22,10636,17645,15221,
80,34726,22,10636,17648,15206,
80,36006,22,10626,17648,15279,
80,37293,22,10614,17648,15223,
80,38579,23,10624,17647,15207,
80,39863,22,10642,17648,15239,
80,42021,22,10663,17648,15298,
80,43306,23,10659,17648,15257,
80,44592,22,10659,17647,15163,
80,45879,22,10647,17647,15225,
80,47164,22,10613,17647,15268,
80,48451,22,10644,17647,15221,
80,49735,22,10600,17648,15193,
80,51019,22,10650,17648,15200,
80,52303,22,10516,17647,15245,
80,53582,22,10657,17647,15228,
80,54870,22,10652,17649,15220,
80,57024,22,10642,17647,15198,
80,58308,22,10651,17647,15246,
80,59585,22,10630,17649,15204,
80,60868,22,10649,17649,15240,
80,62154,22,10643,17649,15198,
80,63443,22,10643,17650,15213,
80,64729,22,10651,17649,15190,
80,66013,22,10589,17649,15205,
80,67297,22,10666,17650,15281,
80,68584,22,10647,17649,15214,
80,69870,22,10667,17650,15203,
80,72034,21,10637,17650,15250,
80,73322,22,10652,17649,15290,
80,74607,22,10663,17649,15186,
80,75893,22,10642,17649,15252,
80,77180,22,10659,17650,15217,
80,78463,22,10668,17651,15170,
80,79746,22,10649,17651,15309,
80,81033,22,10539,17650,15295,
80,82319,22,10644,17650,15232,
80,83602,22,10632,17649,15262,
80,84887,22,10669,17649,15189,
80,87040,21,10658,17650,15278,
80,88326,22,10668,17650,15283,
80,89613,22,10615,17649,15212,
80,90897,22,10640,17649,15244,
80,92184,22,10666,17649,15259,
80,93466,22,10624,17649,15268,
80,94752,22,10666,17650,15168,
80,96037,22,10614,17649,15249,
80,97323,22,10635,17650,15223,
80,98609,22,10648,17649,15258,
80,99895,22,10659,17650,15216,
90,12058,5939,9936,17643,14940,
90,13344,37,10094,17645,15670,
90,14625,31,10068,17643,15688,
90,15910,35,10090,17644,15689,
90,17195,34,10085,17644,15636,
90,18479,35,10077,17644,15608,
90,19762,29,10122,17646,15673,
90,21049,29,10115,17645,15651,
90,22335,28,10117,17646,15655,
90,23621,29,10068,17646,15626,
90,24906,30,10087,17647,15571,
90,27065,30,10020,17646,15549,
90,28350,32,10059,17647,15580,
90,29635,29,10081,17647,15550,
90,30921,32,10082,17646,15618,
90,32206,30,10106,17648,15687,
90,33489,32,10042,17646,15637,
90,34777,30,10095,17647,15592,
90,36057,31,10096,17648,15628,
90,37345,32,10047,17648,15626,
90,38629,29,10064,17648,15643,
90,39915,29,10077,17648,15687,
90,42071,29,10035,17647,15554,
90,43357,33,10057,17648,15646,
90,44643,28,10056,17647,15619,
90,45931,28,10066,17648,15603,
90,47215,30,10043,17648,15594,
90,48503,30,10116,17647,15622,
90,49786,28,10052,17648,15548,
90,51070,28,10108,17647,15585,
90,52351,28,10072,17647,15589,
90,53634,31,10016,17646,15558,
90,54922,31,10051,17648,15578,
90,57075,30,10017,17647,15553,
90,58359,33,10068,17648,15572,
90,59637,28,10031,17648,15592,
90,60920,29,10043,17649,15561,
90,62206,27,10093,17649,15610,
90,63494,29,10046,17649,15574,
90,64780,28,10120,17649,15575,
90,66064,28,10099,17648,15577,
90,67348,30,10068,17649,15603,
90,68636,29,10046,17649,15597,
90,69922,31,10059,17650,15685,
90,72085,30,10001,17650,15556,
90,73373,30,10069,17650,15647,
90,74658,30,10062,17649,15564,
90,75945,30,10007,17650,15618,
90,77232,28,10021,17651,15653,
90,78515,29,10073,17650,15637,
90,79798,30,10028,17650,15554,
90,81084,31,10084,17650,15615,
90,82370,30,10049,17650,15572,
90,83653,29,10094,17649,15617,
90,84939,29,10112,17649,15578,
90,87091,30,10008,17649,15563,
90,88377,29,10074,17649,15619,
90,89664,28,10124,17649,15550,
90,90948,30,10031,17650,15616,
90,92235,28,10056,17649,15595,
90,93518,30,10070,17649,15612,
90,94803,28,10056,17650,15657,
90,96088,30,10049,17649,15598,
90,97373,29,10073,17650,15654,
90,98660,31,10122,17649,15615,
90,99946,29,10124,17650,15609,
100,12110,5677,9402,17643,15489,
100,13393,105,9411,17643,15532,
100,14676,84,9475,17644,15521,
100,15960,77,9438,17644,15572,
100,17246,72,9467,17644,15553,
100,18529,70,9453,17644,15432,
100,19814,66,9499,17646,15575,
100,21101,67,9485,17645,15603,
100,22386,71,9475,17646,15507,
100,23672,67,9484,17645,15578,
100,24957,65,9519,17646,15545,
100,27117,63,9494,17646,15628,
100,28402,69,9508,17646,15548,
100,29685,67,9490,17646,15653,
100,30972,66,9496,17647,15559,
100,32257,62,9521,17647,15588,
100,33541,65,9478,17646,15599,
100,34829,62,9484,17648,15554,
100,36109,65,9498,17648,15616,
100,37397,63,9510,17647,15478,
100,38679,62,9512,17648,15530,
100,39966,63,9491,17648,15494,
100,42123,63,9513,17647,15583,
100,43409,65,9491,17648,15548,
100,44693,62,9468,17648,15628,
100,45982,63,9509,17649,15593,
100,47266,63,9489,17648,15521,
100,48554,62,9494,17648,15479,
100,49838,60,9500,17648,15633,
100,51122,62,9499,17647,15607,
100,52403,60,9503,17647,15584,
100,53685,63,9483,17647,15574,
100,54973,62,9493,17648,15566,
100,57127,62,9495,17648,15486,
100,58411,65,9460,17646,15504,
100,59687,62,9492,17649,15663,
100,60971,62,9505,17649,15525,
100,62257,62,9476,17649,15596,
100,63546,57,9473,17649,15572,
100,64832,60,9495,17649,15511,
100,66116,61,9465,17648,15486,
100,67400,59,9518,17649,15605,
100,68686,64,9492,17648,15571,
100,69973,62,9489,17650,15483,
100,72137,58,9491,17650,15609,
100,73425,63,9494,17651,15638,
100,74709,59,9497,17649,15486,
100,75997,60,9523,17650,15608,
100,77283,59,9510,17650,15499,
100,78566,60,9518,17650,15513,
100,79849,57,9506,17649,15674,
100,81136,59,9493,17650,15627,
100,82422,61,9492,17650,15552,
100,83705,61,9506,17649,15623,
100,84990,60,9449,17649,15550,
100,87142,58,9494,17649,15565,
100,88429,64,9501,17649,15553,
100,89715,62,9505,17649,15451,
100,91000,62,9496,17649,15517,
100,92286,58,9483,17650,15505,
100,93569,58,9506,17650,15544,
100,94854,60,9487,17650,15515,
100,96140,58,9482,17648,15537,
100,97425,59,9503,17649,15615,
100,98711,64,9501,17650,15595,
100,99997,60,9493,17651,15586,
110,12161,5135,8827,17642,15078,
110,13445,120,8872,17644,15166,
110,14728,95,8858,17644,15081,
110,16012,89,8860,17644,15103,
110,17298,85,8871,17644,15002,
110,18580,82,8849,17645,15040,
110,19865,84,8849,17645,15070,
110,21152,88,8858,17645,15020,
110,22438,81,8855,17645,15028,
110,23724,82,8857,17646,15047,
110,25009,82,8869,17645,14947,
110,27168,82,8857,17646,15003,
110,28453,80,8863,17646,15037,
110,29737,83,8856,17646,14989,
110,31024,81,8861,17648,15064,
110,32309,77,8874,17647,15045,
110,33592,75,8847,17647,15074,
110,34880,77,8876,17647,15012,
110,36160,77,8851,17648,15013,
110,37448,79,8814,17647,15068,
110,38731,76,8879,17647,15072,
110,40018,76,8868,17648,15054,
110,42174,71,8875,17648,14982,
110,43460,81,8879,17649,15005,
110,44745,80,8854,17647,15044,
110,46034,74,8811,17647,15079,
110,47318,71,8868,17647,15061,
110,48606,74,8898,17647,15044,
110,49889,74,8876,17648,15060,
110,51173,72,8877,17648,15089,
110,52452,74,8851,17647,15022,
110,53737,79,8854,17648,15021,
110,55025,75,8859,17648,15024,
110,57178,71,8874,17647,15007,
110,58459,81,8823,17647,15054,
110,59739,81,8859,17649,15028,
110,61023,72,8863,17648,15072,
110,62309,72,8871,17649,15102,
110,63597,70,8853,17649,15002,
110,64883,73,8869,17649,15023,
110,66165,72,8858,17648,15035,
110,67451,72,8863,17648,15054,
110,68738,75,8850,17648,15023,
110,70025,73,8865,17650,15001,
110,72188,73,8868,17650,14971,
110,73476,78,8864,17651,14986,
110,74760,72,8881,17650,15002,
110,76048,71,8873,17649,15041,
110,77335,65,8823,17649,15054,
110,78618,71,8860,17650,14975,
110,79901,73,8872,17650,15053,
110,81187,70,8865,17650,15002,
110,82473,73,8871,17650,15137,
110,83756,76,8861,17650,15022,
110,85042,74,8877,17648,15012,
110,87193,71,8858,17649,15050,
110,88480,84,8873,17649,15062,
110,89766,67,8855,17648,15054,
110,91051,68,8867,17649,15057,
110,92338,71,8876,17650,15018,
110,93621,71,8873,17650,15039,
110,94906,70,8880,17651,15037,
110,96191,70,8862,17648,15073,
110,97476,72,8862,17649,15057,
110,98762,72,8859,17649,15046,
110,100048,73,8861,17651,15034,
120,12213,4295,8200,17643,14812,
120,13496,132,8198,17644,14837,
120,14779,101,8223,17643,14851,
120,16063,90,8217,17643,14854,
120,17349,86,8210,17644,14843,
120,18632,86,8211,17645,14844,
120,19917,87,8235,17645,14856,
120,21204,83,8217,17646,14841,
120,22489,84,8213,17646,14853,
120,23775,85,8204,17645,14850,
120,25060,85,8211,17645,14851,
120,27218,80,8168,17646,14846,
120,28505,89,8220,17647,14860,
120,29787,80,8218,17647,14848,
120,31075,78,8230,17647,14854,
120,32357,78,8208,17646,14854,
120,33644,86,8212,17646,14857,
120,34929,78,8198,17647,14850,
120,36212,79,8217,17648,14857,
120,37499,81,8210,17647,14851,
120,38782,81,8203,17647,14851,
120,40069,79,8214,17648,14859,
120,42226,74,8220,17647,14850,
120,43512,82,8252,17648,14858,
120,44797,80,8229,17647,14854,
120,46085,79,8224,17648,14859,
120,47369,74,8213,17647,14852,
120,48657,77,8213,17647,14846,
120,49941,76,8213,17648,14847,
120,51225,77,8209,17648,14851,
120,52504,76,8169,17647,14859,
120,53788,74,8216,17648,14857,
120,55076,81,8213,17648,14858,
120,57230,71,8210,17647,14856,
120,58509,77,8222,17647,14857,
120,59790,73,8220,17648,14848,
120,61074,73,8212,17648,14854,
120,62360,71,8228,17648,14861,
120,63648,69,8212,17650,14860,
120,64935,71,8169,17649,14858,
120,66217,74,8225,17648,14857,
120,67503,73,8205,17649,14862,
120,68790,76,8238,17649,14855,
120,70076,73,8229,17650,14861,
120,72240,69,8213,17650,14827,
120,73528,77,8251,17651,14859,
120,74812,76,8180,17649,14866,
120,76100,73,8238,17650,14860,
120,77386,70,8208,17650,14867,
120,78669,72,8219,17650,14845,
120,79953,75,8184,17650,14851,
120,81239,72,8249,17650,14866,
120,82524,75,8220,17650,14864,
120,83808,76,8214,17650,14854,
120,85092,75,8216,17649,14863,
120,87245,71,8224,17649,14860,
120,88532,79,8215,17649,14869,
120,89818,73,8222,17649,14854,
120,91103,73,8223,17649,14856,
120,92389,70,8214,17649,14866,
120,93672,69,8219,17650,14863,
120,94957,72,8198,17649,14859,
120,96243,73,8231,17650,14862,
120,97528,71,8214,17650,14862,
120,98814,74,8211,17649,14857,
120,100100,70,8231,17652,14866,
130,12264,4839,7460,17643,15919,
130,13547,253,7474,17643,15916,
130,14831,209,7448,17644,15955,
130,16115,209,7474,17643,15953,
130,17401,203,7484,17644,16048,
130,18683,190,7470,17645,15975,
130,19968,184,7473,17645,15942,
130,21255,180,7468,17645,16055,
130,22541,186,7455,17646,15971,
130,23827,193,7444,17646,16041,
130,25112,182,7482,17646,15988,
130,27269,184,7474,17646,15648,
130,28556,203,7465,17647,16035,
130,29839,190,7481,17646,15885,
130,31127,183,7495,17647,16075,
130,32409,178,7468,17647,16116,
130,33695,174,7459,17647,16045,
130,34979,197,7481,17648,15900,
130,36263,187,7476,17648,16083,
130,37550,174,7424,17648,16165,
130,38834,189,7416,17648,16129,
130,40121,182,7465,17647,16122,
130,42277,181,7492,17647,15664,
130,43563,207,7491,17648,15998,
130,44848,183,7466,17647,16005,
130,46137,190,7446,17648,16120,
130,47421,184,7470,17647,15979,
130,48708,175,7361,17647,16095,
130,49992,169,7494,17647,15987,
130,51276,167,7462,17648,16105,
130,52555,186,7480,17647,16052,
130,53839,187,7440,17648,16037,
130,55128,197,7454,17647,16090,
130,57281,180,7472,17647,16152,
130,58560,195,7459,17648,16095,
130,59842,166,7468,17649,16062,
130,61126,168,7467,17649,16083,
130,62412,182,7469,17649,16135,
130,63700,173,7469,17649,16116,
130,64986,179,7484,17650,15984,
130,66268,178,7465,17649,16155,
130,67554,187,7462,17648,16038,
130,68842,179,7454,17650,15991,
130,70128,197,7461,17650,16023,
130,72290,181,7477,17649,15680,
130,73579,205,7483,17649,16039,
130,74863,181,7466,17649,16023,
130,76151,171,7477,17649,16009,
130,77436,176,7484,17650,16035,
130,78721,169,7469,17650,16132,
130,80005,171,7498,17650,15668,
130,81290,174,7470,17651,16029,
130,82574,178,7454,17651,16047,
130,83859,183,7482,17649,15954,
130,85144,184,7490,17649,16127,
130,87297,180,7473,17649,16081,
130,88583,206,7480,17649,15939,
130,89869,178,7482,17650,16159,
130,91154,175,7479,17649,16027,
130,92441,171,7470,17649,15990,
130,93724,173,7474,17651,16105,
130,95009,178,7479,17649,15941,
130,96294,179,7472,17649,16082,
130,97579,177,7481,17648,15976,
130,98865,185,7477,17650,16053,
130,100151,185,7477,17651,16013,
140,12316,8430,6746,17643,15672,
140,13599,1120,6765,17644,15685,
140,14882,849,6783,17643,15683,
140,16166,821,6772,17643,15695,
140,17452,840,6762,17642,15687,
140,18735,818,6725,17645,15698,
140,20020,766,6763,17645,15696,
140,21307,773,6765,17645,15692,
140,22592,780,6614,17646,15696,
140,23878,786,6756,17645,15702,
140,25162,776,6727,17646,15699,
140,27321,626,6751,17646,15704,
140,28608,837,6770,17647,15698,
140,29890,805,6753,17647,15705,
140,31178,800,6771,17647,15697,
140,32460,805,6756,17646,15701,
140,33746,811,6758,17647,15704,
140,35031,707,6736,17648,15704,
140,36315,806,6756,17648,15699,
140,37602,783,6772,17647,15703,
140,38885,850,6764,17647,15703,
140,40172,881,6751,17648,15700,
140,42329,591,6757,17647,15704,
140,43613,817,6747,17648,15705,
140,44900,784,6766,17648,15703,
140,46185,778,6755,17647,15697,
140,47472,694,6769,17647,15704,
140,48757,760,6764,17647,15702,
140,50044,725,6755,17648,15706,
140,51325,755,6768,17647,15704,
140,52607,831,6761,17648,15692,
140,53890,797,6779,17648,15705,
140,55179,821,6752,17647,15708,
140,57333,843,6722,17647,15708,
140,58612,859,6765,17647,15709,
140,59893,759,6759,17649,15706,
140,61177,736,6762,17649,15698,
140,62463,784,6750,17649,15707,
140,63751,775,6783,17649,15701,
140,65038,709,6759,17649,15706,
140,66320,786,6767,17649,15706,
140,67606,784,6768,17649,15702,
140,68893,739,6751,17649,15707,
140,70179,787,6757,17650,15691,
140,72342,703,6756,17649,15712,
140,73631,774,6747,17650,15710,
140,74915,748,6758,17649,15707,
140,76203,778,6768,17649,15708,
140,77487,729,6749,17650,15709,
140,78772,759,6757,17649,15709,
140,80056,590,6762,17650,15705,
140,81342,730,6761,17650,15709,
140,82626,767,6769,17650,15710,
140,83911,713,6745,17649,15708,
140,85195,732,6765,17650,15707,
140,87348,778,6770,17649,15714,
140,88635,786,6685,17648,15667,
140,89921,769,6761,17649,15705,
140,91206,716,6615,17649,15705,
140,92492,754,6757,17649,15707,
140,93775,728,6760,17650,15711,
140,95060,732,6763,17648,15706,
140,96345,720,6762,17650,15705,
140,97631,684,6729,17649,15708,
140,98917,742,6767,17650,15702,
140,100203,738,6762,17651,15710,
150,12367,9039,5970,17643,15784,
150,13650,1534,6041,17644,15827,
150,14933,1301,6001,17644,15875,
150,16218,1212,6046,17643,16085,
150,17502,1157,6029,17644,16169,
150,18786,1133,6040,17644,16175,
150,20072,1125,6045,17644,16163,
150,21358,1123,6043,17645,16183,
150,22643,1118,6026,17647,16177,
150,23930,1140,6026,17646,16166,
150,25214,1141,6025,17645,16194,
150,27372,1101,6037,17646,16198,
150,28660,1207,6044,17646,16173,
150,29942,1140,6046,17646,16219,
150,31230,1113,5990,17647,16191,
150,32512,1095,6039,17646,16183,
150,33798,1095,6040,17647,16191,
150,35082,1089,6042,17650,16165,
150,36366,1103,6044,17647,16183,
150,37653,1110,6043,17647,16168,
150,38937,1126,6025,17647,16190,
150,40224,1134,6049,17647,16171,
150,42380,1090,6024,17647,16221,
150,43664,1166,6035,17648,16201,
150,44951,1119,6019,17646,16171,
150,46236,1072,6031,17647,16214,
150,47524,1068,6033,17647,16199,
150,48809,1062,6053,17646,16221,
150,50095,1067,6033,17648,16220,
150,51375,1079,6028,17648,16196,
150,52658,1102,6037,17648,16210,
150,53942,1115,6030,17647,16200,
150,55231,1132,6035,17647,16220,
150,57384,1113,6028,17646,16187,
150,58663,1150,6034,17647,16225,
150,59945,1080,6034,17647,16239,
150,61229,1060,6029,17649,16203,
150,62515,1060,6039,17649,16185,
150,63803,1056,6036,17650,16199,
150,65089,1052,5937,17649,16224,
150,66371,1067,6045,17649,16216,
150,67657,1082,6000,17649,16220,
150,68945,1104,6032,17649,16209,
150,70230,1109,6029,17650,16207,
150,72393,1076,6033,17649,16215,
150,73682,1150,6031,17651,16222,
150,74965,1086,6047,17648,16196,
150,76254,1061,6051,17649,16209,
150,77537,1047,6026,17650,16204,
150,78824,1049,6041,17650,16201,
150,80108,1038,6024,17650,16217,
150,81393,1067,6039,17650,16200,
150,82677,1082,6055,17651,16201,
150,83962,1083,6048,17650,16181,
150,85246,1093,6029,17649,16216,
150,87400,1075,6046,17649,16211,
150,88684,1138,6044,17649,16234,
150,89972,1084,6036,17650,16216,
150,91256,1046,6033,17649,16241,
150,92544,1038,5994,17649,16202,
150,93827,1037,6034,17650,16204,
150,95112,1041,6043,17650,16209,
150,96397,1054,6027,17650,16176,
150,97682,1064,6045,17649,16184,
150,98968,1075,6035,17649,16199,
150,100254,1094,6047,17651,16212,
160,12418,11155,5298,17644,16367,
160,13702,2971,5312,17643,16399,
160,14984,2580,5321,17644,16385,
160,16269,2742,5325,17642,16399,
160,17553,2693,5312,17644,16376,
160,18838,2645,5321,17645,16380,
160,20124,2599,5324,17645,16379,
160,21410,2595,5320,17644,16378,
160,22694,2604,5313,17646,16369,
160,23981,2635,5328,17646,16372,
160,25265,2658,5311,17645,16377,
160,27424,2653,5313,17646,16361,
160,28711,2757,5310,17645,16342,
160,29993,2680,5320,17647,16375,
160,31281,2605,5319,17646,16399,
160,32563,2578,5329,17647,16385,
160,33849,2551,5317,17649,16382,
160,35134,2570,5275,17648,16386,
160,36418,2595,5210,17648,16367,
160,37705,2634,5326,17648,16367,
160,38988,2665,5344,17647,16379,
160,40275,2687,5322,17647,16366,
160,42432,2621,5319,17647,16376,
160,43716,2765,5311,17649,16361,
160,45003,2635,5313,17647,16366,
160,46287,2552,5316,17648,16362,
160,47575,2548,5340,17646,16363,
160,48860,2522,5309,17647,16368,
160,50146,2529,5312,17647,16360,
160,51426,2572,5320,17648,16368,
160,52710,2641,5316,17648,16357,
160,53993,2676,5309,17648,16370,
160,55282,2705,5314,17647,16377,
160,57436,2627,5319,17647,16361,
160,58714,2693,5332,17648,16356,
160,59996,2595,5327,17646,16383,
160,61280,2518,5313,17649,16367,
160,62566,2505,5327,17649,16368,
160,63854,2490,5316,17649,16374,
160,65140,2529,5330,17649,16368,
160,66423,2542,5316,17649,16367,
160,67709,2563,5321,17648,16367,
160,68997,2607,5312,17649,16370,
160,70281,2608,5330,17650,16363,
160,72445,2578,5324,17648,16346,
160,73734,2723,5272,17650,16346,
160,75017,2559,5322,17649,16363,
160,76306,2511,5315,17649,16371,
160,77588,2498,5283,17650,16378,
160,78875,2505,5337,17649,16355,
160,80159,2479,5317,17650,16369,
160,81445,2531,5331,17651,16353,
160,82729,2585,5328,17651,16371,
160,84014,2589,5327,17649,16370,
160,85298,2648,5334,17650,16354,
160,87451,2512,5319,17649,16349,
160,88736,2668,5322,17649,16367,
160,90024,2541,5327,17649,16348,
160,91308,2528,5330,17649,16379,
160,92595,2470,5329,17648,16364,
160,93878,2477,5324,17650,16356,
160,95163,2496,5338,17650,16371,
160,96448,2536,5317,17650,16364,
160,97734,2502,5271,17649,16360,
160,99020,2583,5273,17649,16362,
160,100306,2634,5324,17651,16368,
